venue,title,event_type,date,hall,description,url,price
Concertgebouw,Babyconcert (0 t/m 18 maanden),Concert,"ma 9 feb 2026, 09:30 - 10:00",,,https://www.concertgebouw.nl/concerten/13173959-babyconcert-0-t-m-18-maanden,"v.a. EUR 24,00 [UITVERKOCHT]"
Concertgebouw,Babyconcert (0 t/m 18 maanden),Concert,"ma 9 feb 2026, 10:30 - 11:00",,,https://www.concertgebouw.nl/concerten/13173960-babyconcert-0-t-m-18-maanden,"v.a. EUR 24,00 [UITVERKOCHT]"
Concertgebouw,Babyconcert (0 t/m 18 maanden),Concert,"ma 9 feb 2026, 11:30 - 12:00",,,https://www.concertgebouw.nl/concerten/13173961-babyconcert-0-t-m-18-maanden,"v.a. EUR 24,00 [UITVERKOCHT]"
Concertgebouw,Jakub Józef Orliński is Julius Caesar in Händels Giulio Cesare,Concert,"di 10 feb 2026, 19:30 - 23:30",Grote Zaal,,https://www.concertgebouw.nl/concerten/8110219-jakub-jozef-orlinski-is-julius-caesar-in-handels-giulio-cesare,"v.a. EUR 39,00 [Laatste kaarten]"
Concertgebouw,Gratis Lunchconcert: Nationaal Vioolconcours Oskar Back,Gratis Lunchconcert,"wo 11 feb 2026, 12:30 - 13:00",Kleine Zaal,,https://www.concertgebouw.nl/concerten/36977892-gratis-lunchconcert-nationaal-vioolconcours-oskar-back,Gratis [UITVERKOCHT]
Concertgebouw,Sjostakovitsj 120: Kamermuziek met de Familie Ferschtman (deel 2),Luisteren,"do 12 feb 2026, 20:15 - 22:20",Kleine Zaal,"Sjostakovitsj Pianokwintet in g, op. 57 Sjostakovitsj Pianotrio nr. 2 in e, op. 67",https://www.concertgebouw.nl/concerten/8503291-sjostakovitsj-120-kamermuziek-met-de-familie-ferschtman-deel-2,"v.a. EUR 35,00 [UITVERKOCHT]"
Concertgebouw,Valentine Special: Salsa Class and Party,Concert,"vr 13 feb 2026, 20:00 - 23:59",Kleine Zaal,,https://www.concertgebouw.nl/concerten/41773093-valentine-special-salsa-class-and-party,"v.a. EUR 39,00 [UITVERKOCHT]"
Concertgebouw,Brad Mehldau,Concert,"vr 13 feb 2026, 20:15 - 21:45",Grote Zaal,,https://www.concertgebouw.nl/concerten/8507461-brad-mehldau,"v.a. EUR 19,00 [UITVERKOCHT]"
Concertgebouw,Valentine Special: Salsa Party,Concert,"vr 13 feb 2026, 21:30 - 23:59",Kleine Zaal,,https://www.concertgebouw.nl/concerten/41701215-valentine-special-salsa-party,"v.a. EUR 24,00 [UITVERKOCHT]"
Concertgebouw,Valentine Special: Salsa Class,Concert,"za 14 feb 2026, 14:15 - 15:30",Kleine Zaal,,https://www.concertgebouw.nl/concerten/36977893-valentine-special-salsa-class,"v.a. EUR 19,50 [UITVERKOCHT]"
Concertgebouw,Valentine Special: Salsa Class,Concert,"za 14 feb 2026, 16:00 - 17:15",Kleine Zaal,,https://www.concertgebouw.nl/concerten/36977894-valentine-special-salsa-class,"v.a. EUR 19,50 [UITVERKOCHT]"
Concertgebouw,Valentine Special: Salsa Class and Party,Concert,"za 14 feb 2026, 20:00 - 23:59",Kleine Zaal,,https://www.concertgebouw.nl/concerten/36977895-valentine-special-salsa-class-and-party,"v.a. EUR 39,00 [UITVERKOCHT]"
Concertgebouw,Valentine Classics at the Movies,Concert,"za 14 feb 2026, 20:15 - 22:15",Grote Zaal,Horner Suite uit 'Titanic' Arlen Over the Rainbow,https://www.concertgebouw.nl/concerten/8110220-valentine-classics-at-the-movies,"v.a. EUR 25,00 [Laatste kaarten]"
Concertgebouw,Valentine Special: Salsa Party,Concert,"za 14 feb 2026, 21:30 - 23:59",Kleine Zaal,,https://www.concertgebouw.nl/concerten/36977896-valentine-special-salsa-party,"v.a. EUR 24,00 [UITVERKOCHT]"
Concertgebouw,Mahlers Des Knaben Wunderhorn & Prokofjevs Romeo en Julia,Concert,"zo 15 feb 2026, 11:00 - 12:00",Grote Zaal,Prokofjev De dood van Tybalt Prokofjev Morning Serenade,https://www.concertgebouw.nl/concerten/7408735-mahlers-des-knaben-wunderhorn-prokofjevs-romeo-en-julia,"v.a. EUR 21,00"
Concertgebouw,Countertenor Alexander Chance zingt Dowland & Purcell over liefde en verlies,Concert,"zo 15 feb 2026, 15:00 - 17:00",Kleine Zaal,Harper My love gave me an apple Rosseter What Then Is Love But Mourning,https://www.concertgebouw.nl/concerten/8925978-countertenor-alexander-chance-zingt-dowland-purcell-over-liefde-en-verlies,"v.a. EUR 40,00 [Laatste kaarten]"
Concertgebouw,Celebrate Valentine with Berget Lewis & Friends,Concert,"zo 15 feb 2026, 20:15 - 22:15",Grote Zaal,,https://www.concertgebouw.nl/concerten/28453661-celebrate-valentine-with-berget-lewis-friends,"v.a. EUR 39,00"
Concertgebouw,Festival Finale HearAndNow met het Strijkkwartet van Debussy,Festival,"zo 15 feb 2026, 20:15 - 21:50",Kleine Zaal,"Debussy Strijkkwartet in g, op. 10 Bartók Marunbel",https://www.concertgebouw.nl/concerten/44148382-festival-finale-hearandnow-met-het-strijkkwartet-van-debussy,"v.a. EUR 30,00"
Concertgebouw,Faurés Requiem door het Nederlands Kamerkoor en Amsterdam Sinfonietta,Concert,"di 17 feb 2026, 20:15 - 22:15",Grote Zaal,"Fauré Requiem, op. 48 (arr. W. van Klaveren) Sjostakovitsj Kammersinfonie, op. 110a (arr. R. Barshai)",https://www.concertgebouw.nl/concerten/7605195-faures-requiem-door-het-nederlands-kamerkoor-en-amsterdam-sinfonietta,"v.a. EUR 29,00 [Laatste kaarten]"
Concertgebouw,Lilian Farahani & Friends: My Favorite Things,Concert,"di 17 feb 2026, 20:15 - 22:10",Kleine Zaal,Parra Gracias a la vida Piazzolla Yo soy María (deel 1),https://www.concertgebouw.nl/concerten/8507462-lilian-farahani-friends-my-favorite-things,"v.a. EUR 35,00"
Concertgebouw,Rafael Payare leidt het Concertgebouworkest in Sjostakovitsj’ Symfonie nr. 10,Concert,"wo 18 feb 2026, 20:15 - 22:30",Grote Zaal,"Sjostakovitsj Symfonie nr. 10 in e, op. 93 Martin Vioolconcert",https://www.concertgebouw.nl/concerten/10878343-rafael-payare-leidt-het-concertgebouworkest-in-sjostakovitsj-symfonie-nr.-10,"v.a. EUR 20,00"
Concertgebouw,Gratis Lunchconcert: Symfonieorkest van het Conservatorium van Amsterdam,Gratis Lunchconcert,"do 19 feb 2026, 12:30 - 13:00",Grote Zaal,,https://www.concertgebouw.nl/concerten/36977897-gratis-lunchconcert-symfonieorkest-van-het-conservatorium-van-amsterdam,Gratis
Concertgebouw,Rafael Payare leidt het Concertgebouworkest in Sjostakovitsj’ Symfonie nr. 10,Concert,"do 19 feb 2026, 20:15 - 22:30",Grote Zaal,"Sjostakovitsj Symfonie nr. 10 in e, op. 93 Martin Vioolconcert",https://www.concertgebouw.nl/concerten/10878344-rafael-payare-leidt-het-concertgebouworkest-in-sjostakovitsj-symfonie-nr.-10,"v.a. EUR 20,00"
Concertgebouw,"Raúl da Costa met Tsjaikovski, Moesorgski en een Nederlandse première",Concert,"vr 20 feb 2026, 20:15 - 22:15",Kleine Zaal,Lecuona Malagueña (arr. A. Volodos) Coll Selectie,https://www.concertgebouw.nl/concerten/38255288-raul-da-costa-met-tsjaikovski-moesorgski-en-een-nederlandse-premiere,"v.a. EUR 15,50"
Concertgebouw,Concertgebouworkest Essentials: Sjostakovitsj' Symfonie nr. 10,Essentials,"vr 20 feb 2026, 21:00 - 22:15",Grote Zaal,,https://www.concertgebouw.nl/concerten/10878345-concertgebouworkest-essentials-sjostakovitsj-symfonie-nr.-10,"v.a. EUR 20,00"
Concertgebouw,MacMillans passie voor rituelen,Concert,"za 21 feb 2026, 14:15 - 16:20",Grote Zaal,MacMillan Seven Last Words from the Cross Stravinsky Mis,https://www.concertgebouw.nl/concerten/8923358-macmillans-passie-voor-rituelen,"v.a. EUR 45,00"
Concertgebouw,Friends Forever Concert,Concert,"za 21 feb 2026, 14:15 - 16:05",Kleine Zaal,,https://www.concertgebouw.nl/concerten/14735196-friends-forever-concert,"v.a. EUR 35,00"
Concertgebouw,"Nederlands Philharmonisch speelt Wagner, Debussy en Berlioz",Concert,"za 21 feb 2026, 20:15 - 22:30",Grote Zaal,"Berlioz Harold en Italie, H 68, op. 16 'symphonie en quatre parties avec un alto principal' Debussy Nocturnes, L. 91",https://www.concertgebouw.nl/concerten/9133497-nederlands-philharmonisch-speelt-wagner-debussy-en-berlioz,"v.a. EUR 26,00"
Concertgebouw,Kaleidoscope Chamber Collective in Mozart en Coleridge-Taylor,Concert,"za 21 feb 2026, 20:15 - 22:10",Kleine Zaal,Gershwin They Can't Take That Away from Me (arr. T Poster) Gershwin A Foggy Day (arr. T Poster),https://www.concertgebouw.nl/concerten/8505066-kaleidoscope-chamber-collective-in-mozart-en-coleridge-taylor,"v.a. EUR 29,00"
Concertgebouw,Beethoven 7 en Rachmaninoffs Paganini-variaties,Luisteren,"zo 22 feb 2026, 11:00 - 12:00",Grote Zaal,"Beethoven Symfonie nr. 7 in A, op. 92 Rachmaninoff Rapsodie op een thema van Paganini, op. 43",https://www.concertgebouw.nl/concerten/7408736-beethoven-7-en-rachmaninoffs-paganini-variaties,"v.a. EUR 21,00 [UITVERKOCHT]"
Concertgebouw,Spraakmakers: Georgina Verbaan & Jan Decleir over angst en erfelijk koningschap,Luisteren,"zo 22 feb 2026, 15:00 - 17:20",Kleine Zaal,"Roukens Strijkkwartet nr. 4 'What Remains' Beethoven Sonate nr. 26 in Es, op. 81a 'Les adieux'",https://www.concertgebouw.nl/concerten/44655818-spraakmakers-georgina-verbaan-jan-decleir-over-angst-en-erfelijk-koningschap,TBA
Concertgebouw,Danny de Munk 40-jarig jubileum - Live in Het Concertgebouw,Concert,"zo 22 feb 2026, 20:15 - 22:45",Grote Zaal,,https://www.concertgebouw.nl/concerten/12749192-danny-de-munk-40-jarig-jubileum---live-in-het-concertgebouw,"v.a. EUR 49,50 [UITVERKOCHT]"
Concertgebouw,"Nederlands Philharmonisch speelt Wagner, Debussy en Berlioz",Concert,"ma 23 feb 2026, 20:15 - 22:30",Grote Zaal,"Berlioz Harold en Italie, H 68, op. 16 'symphonie en quatre parties avec un alto principal' Debussy Nocturnes, L. 91",https://www.concertgebouw.nl/concerten/9133498-nederlands-philharmonisch-speelt-wagner-debussy-en-berlioz,"v.a. EUR 26,00"
Concertgebouw,Zing-Cirkel Concertgebouw,Concert,"di 24 feb 2026, 10:00 - 12:00",,,https://www.concertgebouw.nl/concerten/14577643-zing-cirkel-concertgebouw,"v.a. EUR 20,00"
Concertgebouw,Zing-Cirkel Concertgebouw,Concert,"di 24 feb 2026, 13:00 - 15:00",,,https://www.concertgebouw.nl/concerten/14577644-zing-cirkel-concertgebouw,"v.a. EUR 20,00 [UITVERKOCHT]"
Concertgebouw,Nederlands Studenten Orkest & Noa Wildschut spelen Ravel & Prokofjev,Concert,"di 24 feb 2026, 20:15 - 22:35",Grote Zaal,"Ravel Daphnis et Chloé, suite nr. 1 en nr. 2 Prokofjev Vioolconcert nr. 2 in g, op. 63",https://www.concertgebouw.nl/concerten/37970581-nederlands-studenten-orkest-noa-wildschut-spelen-ravel-prokofjev,"v.a. EUR 29,50 [Laatste kaarten]"
Concertgebouw,Gratis Lunchconcert: Dutch National Opera Academy,Gratis Lunchconcert,"wo 25 feb 2026, 12:30 - 13:00",Kleine Zaal,,https://www.concertgebouw.nl/concerten/36977898-gratis-lunchconcert-dutch-national-opera-academy,Gratis
Concertgebouw,How to Train Your Dragon in Concert,Concert,"wo 25 feb 2026, 20:00 - 22:10",Grote Zaal,,https://www.concertgebouw.nl/concerten/33894489-how-to-train-your-dragon-in-concert,"v.a. EUR 54,00 [Laatste kaarten]"
Concertgebouw,Scherpdenkers: Ap Dijksterhuis & Ragazze Quartet – Digital Detox,Concert,"wo 25 feb 2026, 20:15 - 21:35",Kleine Zaal,Wohl Interference Patterns (In opdracht van Het Concertgebouw en de NTR ZaterdagMatinee ) Dessner Tenebre,https://www.concertgebouw.nl/concerten/8508210-scherpdenkers-ap-dijksterhuis-ragazze-quartet---digital-detox,"v.a. EUR 29,00"
Concertgebouw,How to Train Your Dragon in Concert,Concert,"do 26 feb 2026, 20:00 - 22:10",Grote Zaal,,https://www.concertgebouw.nl/concerten/33894490-how-to-train-your-dragon-in-concert,"v.a. EUR 54,00 [Laatste kaarten]"
Concertgebouw,Hagen Quartett neemt afscheid: Beethovens 'Serioso' en Schuberts 'Rosamunde',Luisteren,"do 26 feb 2026, 20:15 - 22:05",Kleine Zaal,"Schubert Strijkkwartet in a, D 804 'Rosamunde' Webern Strijkkwartet 'Düster und Schwer'",https://www.concertgebouw.nl/concerten/22247117-hagen-quartett-neemt-afscheid-beethovens-serioso-en-schuberts-rosamunde,"v.a. EUR 39,00 [Laatste kaarten]"
Concertgebouw,Gratis lunchconcert voor kinderen: Junior Jazz College Bigband (6+),Gratis Lunchconcert,"vr 27 feb 2026, 12:30 - 13:00",Grote Zaal,,https://www.concertgebouw.nl/concerten/36977899-gratis-lunchconcert-voor-kinderen-junior-jazz-college-bigband-6,Gratis
Concertgebouw,"Lahav Shani speelt én dirigeert: Sjostakovitsj, Richard Strauss en Dukas",Luisteren,"vr 27 feb 2026, 20:15 - 22:00",Grote Zaal,"R. Strauss Till Eulenspiegels lustige Streiche, op. 28 Sjostakovitsj Pianoconcert nr. 2 in F, op. 102",https://www.concertgebouw.nl/concerten/8507560-lahav-shani-speelt-en-dirigeert-sjostakovitsj-richard-strauss-en-dukas,"v.a. EUR 19,00"
Concertgebouw,Hagen Quartett neemt afscheid: Mozarts 'Pruisische' strijkkwartetten,Concert,"vr 27 feb 2026, 20:15 - 22:15",Kleine Zaal,"Mozart Strijkkwartet in F, KV 590 'Pruisisch' Mozart Strijkkwartet in Bes, KV 589 'Pruisisch'",https://www.concertgebouw.nl/concerten/22247118-hagen-quartett-neemt-afscheid-mozarts-pruisische-strijkkwartetten,"v.a. EUR 39,00"
Concertgebouw,Sinatra in Symphony,Concert,"za 28 feb 2026, 14:15 - 16:30",Grote Zaal,,https://www.concertgebouw.nl/concerten/32631988-sinatra-in-symphony,"v.a. EUR 25,00"
Concertgebouw,BARTH.,Concert,"za 28 feb 2026, 19:30 - 20:30",,,https://www.concertgebouw.nl/concerten/33697214-barth.,"v.a. EUR 19,00 [UITVERKOCHT]"
Concertgebouw,Schumann en Beethoven door Nederlands Kamerorkest en Shunske Sato,Luisteren,"za 28 feb 2026, 20:15 - 22:10",Grote Zaal,"Schumann Introductie en allegro in d, op. 134 Schumann Langsam",https://www.concertgebouw.nl/concerten/9133499-schumann-en-beethoven-door-nederlands-kamerorkest-en-shunske-sato,"v.a. EUR 26,00"
Concertgebouw,Vivaldi’s Vier jaargetijden en Bachs Brandenburgse Concert nr. 5,Concert,"za 28 feb 2026, 20:15 - 22:00",Kleine Zaal,"Vivaldi De vier jaargetijden, op. 8 J.S. Bach Brandenburgs concert nr. 5 in D, BWV 1050a",https://www.concertgebouw.nl/concerten/9127709-vivaldis-vier-jaargetijden-en-bachs-brandenburgse-concert-nr.-5,"v.a. EUR 35,00 [Laatste kaarten]"
Concertgebouw,BARTH.,Concert,"za 28 feb 2026, 21:30 - 22:30",,,https://www.concertgebouw.nl/concerten/35922250-barth.,"v.a. EUR 19,00 [UITVERKOCHT]"
Concertgebouw,Filmmuziek op zondagochtend,Concert,"zo 1 mrt 2026, 11:00 - 12:00",Grote Zaal,,https://www.concertgebouw.nl/concerten/7408737-filmmuziek-op-zondagochtend,"v.a. EUR 21,00 [UITVERKOCHT]"
Concertgebouw,Familieconcert: Zing mee - Mijn magische tuin (4+),Familieconcert,"zo 1 mrt 2026, 13:30 - 14:30",Kleine Zaal,,https://www.concertgebouw.nl/concerten/13173962-familieconcert-zing-mee---mijn-magische-tuin-4,"v.a. EUR 19,00 [Laatste kaarten]"
Concertgebouw,Mozarts Requiem en Jenkins' The Armed Man door het Amsterdams Gemengd Koor,Luisteren,"zo 1 mrt 2026, 14:15 - 16:45",Grote Zaal,"K. Jenkins The Armed Man: A Mass for Peace Mozart Requiem in d, KV 626",https://www.concertgebouw.nl/concerten/37401727-mozarts-requiem-en-jenkins-the-armed-man-door-het-amsterdams-gemengd-koor,"v.a. EUR 38,25 [UITVERKOCHT]"
Concertgebouw,Familieconcert: Zing mee - Mijn magische tuin (4+),Familieconcert,"zo 1 mrt 2026, 15:30 - 16:30",Kleine Zaal,,https://www.concertgebouw.nl/concerten/13173963-familieconcert-zing-mee---mijn-magische-tuin-4,"v.a. EUR 19,00 [Laatste kaarten]"
Concertgebouw,Quinteto Astor Piazzolla,Concert,"zo 1 mrt 2026, 20:15 - 21:45",Grote Zaal,,https://www.concertgebouw.nl/concerten/15193009-quinteto-astor-piazzolla,"v.a. EUR 25,00"
Concertgebouw,Pasadena Roof Orchestra live in Het Concertgebouw,Concert,"zo 1 mrt 2026, 20:15 - 22:35",Kleine Zaal,,https://www.concertgebouw.nl/concerten/31166311-pasadena-roof-orchestra-live-in-het-concertgebouw,"v.a. EUR 39,00"
Concertgebouw,Zing en Ontdek XL: Carmen,Concert,"ma 2 mrt 2026, 20:00 - 22:15",Kleine Zaal,,https://www.concertgebouw.nl/concerten/13959040-zing-en-ontdek-xl-carmen,"v.a. EUR 27,50 [Laatste kaarten]"
Concertgebouw,Pergolesi's Stabat mater door La Sfera Armoniosa en Mike Fentross,Luisteren,"di 3 mrt 2026, 20:15 - 22:05",Grote Zaal,Pergolesi Stabat mater in F Pergolesi Salve regina in f,https://www.concertgebouw.nl/concerten/7605196-pergolesis-stabat-mater-door-la-sfera-armoniosa-en-mike-fentross,"v.a. EUR 29,00"
Concertgebouw,Golda Schultz & Jonathan Ware: Strauss' Vier letzte Lieder,Luisteren,"di 3 mrt 2026, 20:15 - 22:05",Kleine Zaal,"R. Strauss Vier letzte Lieder, op. 150 Strohl La Tristesse de la Lune",https://www.concertgebouw.nl/concerten/8505067-golda-schultz-jonathan-ware-strauss-vier-letzte-lieder,"v.a. EUR 35,00"
Concertgebouw,Gratis Lunchconcert: Composer in Residence - Gabriela Ortiz,Gratis Lunchconcert,"wo 4 mrt 2026, 12:30 - 13:00",Kleine Zaal,Ortiz Trifolium Ortiz Canto en soledad,https://www.concertgebouw.nl/concerten/36977900-gratis-lunchconcert-composer-in-residence---gabriela-ortiz,Gratis
Concertgebouw,Doric String Quartet met Janáček en Mendelssohn,Concert,"wo 4 mrt 2026, 20:15 - 22:20",Kleine Zaal,"Haydn Strijkkwartet in f, Hob. III: 35, op. 20, nr. 5 J.S. Bach selectie uit 'Die Kunst der Fuge', BWV 1080",https://www.concertgebouw.nl/concerten/8503494-doric-string-quartet-met-janacek-en-mendelssohn,"v.a. EUR 29,00"
Concertgebouw,Riccardo Chailly dirigeert Prokofjev bij het Concertgebouworkest,Concert,"wo 4 mrt 2026, 20:15 - 22:10",Grote Zaal,"Prokofjev Alexander Njevski, op. 78 Prokofjev Symfonie nr. 4 (tweede versie) in C, op. 112",https://www.concertgebouw.nl/concerten/10878357-riccardo-chailly-dirigeert-prokofjev-bij-het-concertgebouworkest,"v.a. EUR 29,00"
Concertgebouw,Doric String Quartet met Janáček en Mendelssohn,Concert,"wo 4 mrt 2026, 20:15 - 22:20",Kleine Zaal,"Haydn Strijkkwartet in f, Hob. III: 35, op. 20, nr. 5 J.S. Bach selectie uit 'Die Kunst der Fuge', BWV 1080",https://www.concertgebouw.nl/concerten/8503494-doric-string-quartet-met-janacek-en-mendelssohn,"v.a. EUR 29,00"
Concertgebouw,Entrée Study Sessions,Concert,"do 5 mrt 2026, 11:00 - 15:00",Grote Zaal,,https://www.concertgebouw.nl/concerten/38466032-entree-study-sessions,"v.a. EUR 2,50"
Concertgebouw,Riccardo Chailly dirigeert Prokofjev bij het Concertgebouworkest,Concert,"do 5 mrt 2026, 20:15 - 22:10",Grote Zaal,"Prokofjev Alexander Njevski, op. 78 Prokofjev Symfonie nr. 4 (tweede versie) in C, op. 112",https://www.concertgebouw.nl/concerten/11065547-riccardo-chailly-dirigeert-prokofjev-bij-het-concertgebouworkest,"v.a. EUR 29,00"
Concertgebouw,Opera per Tutti! presenteert Benefietconcert Vondelkerk,Concert,"do 5 mrt 2026, 20:15 - 21:45",Kleine Zaal,,https://www.concertgebouw.nl/concerten/45106346-opera-per-tutti-presenteert-benefietconcert-vondelkerk,"v.a. EUR 50,00"
Concertgebouw,Riccardo Chailly dirigeert Prokofjev bij het Concertgebouworkest,Concert,"vr 6 mrt 2026, 20:15 - 22:10",Grote Zaal,"Prokofjev Alexander Njevski, op. 78 Prokofjev Symfonie nr. 4 (tweede versie) in C, op. 112",https://www.concertgebouw.nl/concerten/11065548-riccardo-chailly-dirigeert-prokofjev-bij-het-concertgebouworkest,"v.a. EUR 29,00"
Concertgebouw,Classical Highlights: Celloklassiekers door Edgar Moreau,Concert,"vr 6 mrt 2026, 20:30 - 21:45",Kleine Zaal,"Paganini Variaties op een thema uit 'Moses in Egypte' van Rossini, MS 23 Sjostakovitsj Allegro",https://www.concertgebouw.nl/concerten/8507463-classical-highlights-celloklassiekers-door-edgar-moreau,"v.a. EUR 17,00"
Concertgebouw,Haydns Laatste Woorden: tussen angst en schoonheid,Concert,"za 7 mrt 2026, 14:15 - 16:15",Grote Zaal,,https://www.concertgebouw.nl/concerten/8923359-haydns-laatste-woorden-tussen-angst-en-schoonheid,"v.a. EUR 45,00"
Concertgebouw,Alex Koo Trio,Concert,"za 7 mrt 2026, 19:30 - 20:45",,,https://www.concertgebouw.nl/concerten/35499747-alex-koo-trio,"v.a. EUR 19,00"
Concertgebouw,Brahms' Pianoconcert nr. 2 door Denis Kozhukhin en het Nederlands Philharmonisch,Luisteren,"za 7 mrt 2026, 20:15 - 22:35",Grote Zaal,"R. Strauss Ein Heldenleben, op. 40 Brahms Pianoconcert nr. 2 in Bes, op. 83",https://www.concertgebouw.nl/concerten/9133500-brahms-pianoconcert-nr.-2-door-denis-kozhukhin-en-het-nederlands-philharmonisch,"v.a. EUR 35,00"
Concertgebouw,Composer in residence: Een avond rondom Gabriela Ortiz,Concert,"za 7 mrt 2026, 20:15 - 21:25",Kleine Zaal,"Ortiz Baalkah Mozart Strijkkwartet in D, KV 575 'Pruisisch'",https://www.concertgebouw.nl/concerten/8507464-composer-in-residence-een-avond-rondom-gabriela-ortiz,"v.a. EUR 25,00"
Concertgebouw,Dvořáks Symfonie nr. 9 'Uit de Nieuwe Wereld',Luisteren,"zo 8 mrt 2026, 11:00 - 12:00",Grote Zaal,"Dvořák Symfonie nr. 9 in e, op. 95 'Uit de Nieuwe Wereld' Bernstein Ouverture uit 'Candide'",https://www.concertgebouw.nl/concerten/7408738-dvoraks-symfonie-nr.-9-uit-de-nieuwe-wereld,"v.a. EUR 21,00 [Laatste kaarten]"
Concertgebouw,Riccardo Chailly dirigeert Prokofjev bij het Concertgebouworkest,Concert,"zo 8 mrt 2026, 14:15 - 16:10",Grote Zaal,"Prokofjev Alexander Njevski, op. 78 Prokofjev Symfonie nr. 4 (tweede versie) in C, op. 112",https://www.concertgebouw.nl/concerten/11065573-riccardo-chailly-dirigeert-prokofjev-bij-het-concertgebouworkest,"v.a. EUR 20,00"
Concertgebouw,Het Middagconcert: Couperin door Jean Rondeau,Concert,"zo 8 mrt 2026, 16:00 - 17:20",Kleine Zaal,F. Dufaut Tombeau de Mr. De Blancrocher L. Couperin Chaconne 121,https://www.concertgebouw.nl/concerten/8505068-het-middagconcert-couperin-door-jean-rondeau,"v.a. EUR 29,00"
Concertgebouw,Grote Pianisten: Seong-Jin Cho in walsen van Chopin,Concert,"zo 8 mrt 2026, 20:15 - 22:20",Grote Zaal,"Chopin Wals in Es, op.  18 'Grande valse brillante' Chopin Wals in As",https://www.concertgebouw.nl/concerten/7604260-grote-pianisten-seong-jin-cho-in-walsen-van-chopin,"v.a. EUR 19,00"
Concertgebouw,Zing en Ontdek XL: Carmen,Concert,"ma 9 mrt 2026, 20:00 - 22:15",Kleine Zaal,,https://www.concertgebouw.nl/concerten/13959041-zing-en-ontdek-xl-carmen,"v.a. EUR 27,50"
Concertgebouw,Brahms' Pianoconcert nr. 2 door Denis Kozhukhin en het Nederlands Philharmonisch,Luisteren,"ma 9 mrt 2026, 20:15 - 22:35",Grote Zaal,"R. Strauss Ein Heldenleben, op. 40 Brahms Pianoconcert nr. 2 in Bes, op. 83",https://www.concertgebouw.nl/concerten/9133501-brahms-pianoconcert-nr.-2-door-denis-kozhukhin-en-het-nederlands-philharmonisch,"v.a. EUR 35,00"
Concertgebouw,Lucas en Arthur Jussen: van Gershwin tot Reich,Concert,"di 10 mrt 2026, 20:15 - 22:35",Grote Zaal,Gershwin I Got Rhythm (arr. O. Elder) Bernstein Symphonic Dances (uit 'West Side Story') (arr. P. Sadlo),https://www.concertgebouw.nl/concerten/7803912-lucas-en-arthur-jussen-van-gershwin-tot-reich,"v.a. EUR 25,00 [UITVERKOCHT]"
Concertgebouw,Trio Da Kali,Concert,"di 10 mrt 2026, 20:15 - 21:45",Kleine Zaal,,https://www.concertgebouw.nl/concerten/36837019-trio-da-kali,"v.a. EUR 19,00"
Concertgebouw,"Vriendenrepetitie: Iván Fischer leidt het Concertgebouworkest in Dvořák, Smetana en Bernstein",Concert,"wo 11 mrt 2026, 09:30 - 13:00",Grote Zaal,Smetana De Moldau en andere delen Dvořák delen uit 'Moravische duetten' (ork. I. Fischer),https://www.concertgebouw.nl/concerten/11065574-vriendenrepetitie-ivan-fischer-leidt-het-concertgebouworkest-in-dvorak-smetana-en-bernstein,"v.a. EUR 17,50"
Concertgebouw,Gratis Lunchconcert: Amiri Harewood,Gratis Lunchconcert,"wo 11 mrt 2026, 12:30 - 13:00",Kleine Zaal,Granados Valses poéticos Uzoigwe Egwu Amala,https://www.concertgebouw.nl/concerten/36977901-gratis-lunchconcert-amiri-harewood,Gratis
Concertgebouw,"Iván Fischer leidt het Concertgebouworkest in Dvořák, Smetana en Bernstein",Concert,"wo 11 mrt 2026, 20:15 - 22:30",Grote Zaal,Smetana De Moldau en andere delen Dvořák delen uit 'Moravische duetten' (ork. I. Fischer),https://www.concertgebouw.nl/concerten/11065578-ivan-fischer-leidt-het-concertgebouworkest-in-dvorak-smetana-en-bernstein,"v.a. EUR 29,00"
Concertgebouw,Jonge Nederlanders: violist Charlotte Spruit,Concert,"wo 11 mrt 2026, 20:15 - 22:00",Kleine Zaal,"Brahms Sonate nr. 1 in G, op. 78 'Regen' Beamish Wild Swans",https://www.concertgebouw.nl/concerten/8507465-jonge-nederlanders-violist-charlotte-spruit,"v.a. EUR 19,00"
Concertgebouw,"Iván Fischer leidt het Concertgebouworkest in Dvořák, Smetana en Bernstein",Concert,"do 12 mrt 2026, 20:15 - 22:30",Grote Zaal,Smetana De Moldau en andere delen Dvořák delen uit 'Moravische duetten' (ork. I. Fischer),https://www.concertgebouw.nl/concerten/11065581-ivan-fischer-leidt-het-concertgebouworkest-in-dvorak-smetana-en-bernstein,"v.a. EUR 29,00"
Concertgebouw,"Iván Fischer leidt het Concertgebouworkest in Dvořák, Smetana en Bernstein",Concert,"vr 13 mrt 2026, 20:15 - 22:30",Grote Zaal,Smetana De Moldau en andere delen Dvořák delen uit 'Moravische duetten' (ork. I. Fischer),https://www.concertgebouw.nl/concerten/11065582-ivan-fischer-leidt-het-concertgebouworkest-in-dvorak-smetana-en-bernstein,"v.a. EUR 29,00"
Concertgebouw,Trio 258 met grootse pianotrio’s van Schubert en Dvořák,Concert,"vr 13 mrt 2026, 20:15 - 22:35",Kleine Zaal,"Dvořák Pianotrio in f, op. 65, B 130 Schubert Pianotrio in Bes, D 898, op. 99",https://www.concertgebouw.nl/concerten/13988542-trio-258-met-grootse-pianotrios-van-schubert-en-dvorak,"v.a. EUR 17,50"
Concertgebouw,Ton Koopman dirigeert Bach,Concert,"za 14 mrt 2026, 14:15 - 16:05",Grote Zaal,"J.S. Bach Orkestsuite nr. 3 in D, BWV 1068 J.S. Bach Brandenburgs concert nr. 4 in G, BWV 1049",https://www.concertgebouw.nl/concerten/8923971-ton-koopman-dirigeert-bach,"v.a. EUR 51,00"
Concertgebouw,Van Baerle Trio en Isabelle van Keulen spelen Schumann en Mozart,Luisteren,"za 14 mrt 2026, 20:15 - 22:35",Kleine Zaal,"Schumann Pianokwartet in Es, op. 47 Dohnányi Serenade in C, op. 10",https://www.concertgebouw.nl/concerten/8503495-van-baerle-trio-en-isabelle-van-keulen-spelen-schumann-en-mozart,"v.a. EUR 29,00 [Laatste kaarten]"
Concertgebouw,Bruchs Vioolconcert en Moesorgski's Schilderijententoonstelling,Luisteren,"zo 15 mrt 2026, 11:00 - 12:00",Grote Zaal,"Moesorgski Schilderijen van een tentoonstelling Bruch Vioolconcert nr. 1 in g, op. 26",https://www.concertgebouw.nl/concerten/7408739-bruchs-vioolconcert-en-moesorgskis-schilderijententoonstelling,"v.a. EUR 21,00 [Laatste kaarten]"
Concertgebouw,Finale Steinway Pianoconcours 2026,Concert,"zo 15 mrt 2026, 14:15 - 18:00",Kleine Zaal,,https://www.concertgebouw.nl/concerten/11279522-finale-steinway-pianoconcours-2026,"v.a. EUR 19,00"
Concertgebouw,Matthäus-Passion met passie,Luisteren,"zo 15 mrt 2026, 14:15 - 17:00",Grote Zaal,,https://www.concertgebouw.nl/concerten/13173393-matthaus-passion-met-passie,"v.a. EUR 37,50 [Laatste kaarten]"
Concertgebouw,Yuja Wang speelt Ravels Pianoconcert voor de linkerhand,Luisteren,"di 17 mrt 2026, 20:15 - 22:20",Grote Zaal,"Debussy La mer, trois esquisses symphoniques, L. 109 Ravel Pianoconcert voor de linkerhand in D",https://www.concertgebouw.nl/concerten/7605197-yuja-wang-speelt-ravels-pianoconcert-voor-de-linkerhand,"v.a. EUR 29,00"
Concertgebouw,Gratis Lunchconcert: Aires Tropicales Quintet,Gratis Lunchconcert,"wo 18 mrt 2026, 12:30 - 13:00",Kleine Zaal,Segundo Chan Chan (arr. A. Castillo) Gillespie Manteca (arr. C. Calzadilla),https://www.concertgebouw.nl/concerten/36977902-gratis-lunchconcert-aires-tropicales-quintet,Gratis
Concertgebouw,Klaus Mäkelä & Orchestre de Paris: Rachmaninoff & Franck,Concert,"wo 18 mrt 2026, 20:15 - 22:10",Grote Zaal,"Franck Symfonie in d Rachmaninoff Pianoconcert nr. 2 in c, op. 18",https://www.concertgebouw.nl/concerten/7605198-klaus-makela-orchestre-de-paris-rachmaninoff-franck,"v.a. EUR 35,00 [Laatste kaarten]"
Concertgebouw,"Ryuichi Sakamoto's 1996 - Helena Basilova, Jeffrey Bruinsma & Geneviève Verhage",Concert,"wo 18 mrt 2026, 20:15 - 21:15",Kleine Zaal,,https://www.concertgebouw.nl/concerten/8713409-ryuichi-sakamotos-1996---helena-basilova-jeffrey-bruinsma-genevieve-verhage,"v.a. EUR 19,00"
Concertgebouw,Tony Siqi Yun: Beethovens 'Waldstein' en Brahms,Concert,"do 19 mrt 2026, 20:15 - 22:20",Kleine Zaal,"Brahms Sonate nr. 3 in f, op. 5 Berio Wasserklavier",https://www.concertgebouw.nl/concerten/8110221-tony-siqi-yun-beethovens-waldstein-en-brahms,"v.a. EUR 25,00"
Concertgebouw,Matthäus-Passion met passie,Luisteren,"vr 20 mrt 2026, 19:30 - 22:15",Grote Zaal,,https://www.concertgebouw.nl/concerten/13173394-matthaus-passion-met-passie,"v.a. EUR 37,50 [Laatste kaarten]"
Concertgebouw,Takács Quartet speelt Beethoven en Haydn,Concert,"vr 20 mrt 2026, 20:15 - 22:35",Kleine Zaal,"Beethoven Strijkkwartet in cis, op. 131 Assad Nexus (In opdracht van Justus Schlichting voor het Segerstrom Center, Costa Mesa in partnerschap met medeopdrachtgevers, Carnegie Hall, University of Maryland, Mddlebury College, Broad Stage, Chamber Music in Napa Valley Portland Friends of Chamber Music)",https://www.concertgebouw.nl/concerten/8110488-takacs-quartet-speelt-beethoven-en-haydn,"v.a. EUR 35,00"
Concertgebouw,Kinderen voor Kinderen zangworkshop (6+),Concert,"za 21 mrt 2026, 12:00 - 13:00",Kleine Zaal,,https://www.concertgebouw.nl/concerten/13173964-kinderen-voor-kinderen-zangworkshop-6,"v.a. EUR 11,00 [UITVERKOCHT]"
Concertgebouw,Karina Canellakis dirigeert Peter Grimes van Britten,Concert,"za 21 mrt 2026, 13:00 - 16:20",Grote Zaal,,https://www.concertgebouw.nl/concerten/8923972-karina-canellakis-dirigeert-peter-grimes-van-britten,"v.a. EUR 71,00"
Concertgebouw,Kinderen voor Kinderen zangworkshop (6+),Concert,"za 21 mrt 2026, 14:00 - 15:00",Kleine Zaal,,https://www.concertgebouw.nl/concerten/13173965-kinderen-voor-kinderen-zangworkshop-6,"v.a. EUR 11,00 [UITVERKOCHT]"
Concertgebouw,Kinderen voor Kinderen zangworkshop (6+),Concert,"za 21 mrt 2026, 16:00 - 17:00",Kleine Zaal,,https://www.concertgebouw.nl/concerten/13173966-kinderen-voor-kinderen-zangworkshop-6,"v.a. EUR 11,00 [UITVERKOCHT]"
Concertgebouw,Bruckners Symfonie nr. 5 door Hartmut Haenchen en Nederlands Philharmonisch,Luisteren,"za 21 mrt 2026, 20:15 - 21:45",Grote Zaal,,https://www.concertgebouw.nl/concerten/9133502-bruckners-symfonie-nr.-5-door-hartmut-haenchen-en-nederlands-philharmonisch,"v.a. EUR 35,00"
Concertgebouw,Takács Quartet speelt Beethoven en Haydn,Concert,"za 21 mrt 2026, 20:15 - 22:35",Kleine Zaal,"Beethoven Strijkkwartet in cis, op. 131 Assad Nexus (In opdracht van Justus Schlichting voor het Segerstrom Center, Costa Mesa in partnerschap met medeopdrachtgevers, Carnegie Hall, University of Maryland, Mddlebury College, Broad Stage, Chamber Music in Napa Valley Portland Friends of Chamber Music)",https://www.concertgebouw.nl/concerten/8110489-takacs-quartet-speelt-beethoven-en-haydn,"v.a. EUR 35,00"
Concertgebouw,The Image of Melancholy: John Dowland en Henry Purcell,Concert,"zo 22 mrt 2026, 11:00 - 12:00",Kleine Zaal,traditioneel When Daphne from Fair Phoebus Did Fly Lanier Loves Constancy 'No more shall Meads be deckt with flowers',https://www.concertgebouw.nl/concerten/7557171-the-image-of-melancholy-john-dowland-en-henry-purcell,"v.a. EUR 25,00 [Laatste kaarten]"
Concertgebouw,Concertgebouworkest Kinderconcert: Romeo en Julia (6+),Concert,"zo 22 mrt 2026, 13:00 - 14:00",Grote Zaal,,https://www.concertgebouw.nl/concerten/11065586-concertgebouworkest-kinderconcert-romeo-en-julia-6,"v.a. EUR 11,00 [Laatste kaarten]"
Concertgebouw,Concertgebouworkest Kinderconcert: Romeo en Julia (6+),Concert,"zo 22 mrt 2026, 15:30 - 16:30",Grote Zaal,,https://www.concertgebouw.nl/concerten/11065587-concertgebouworkest-kinderconcert-romeo-en-julia-6,"v.a. EUR 11,00 [Laatste kaarten]"
Concertgebouw,Babyconcert (0 t/m 18 maanden),Concert,"ma 23 mrt 2026, 09:30 - 10:00",,,https://www.concertgebouw.nl/concerten/13173967-babyconcert-0-t-m-18-maanden,"v.a. EUR 24,00 [UITVERKOCHT]"
Concertgebouw,Babyconcert (0 t/m 18 maanden),Concert,"ma 23 mrt 2026, 10:30 - 11:00",,,https://www.concertgebouw.nl/concerten/13173968-babyconcert-0-t-m-18-maanden,"v.a. EUR 24,00 [UITVERKOCHT]"
Concertgebouw,Babyconcert (0 t/m 18 maanden),Concert,"ma 23 mrt 2026, 11:30 - 12:00",,,https://www.concertgebouw.nl/concerten/13173969-babyconcert-0-t-m-18-maanden,"v.a. EUR 24,00 [UITVERKOCHT]"
Concertgebouw,Zing-Cirkel Concertgebouw,Concert,"di 24 mrt 2026, 10:00 - 12:00",,,https://www.concertgebouw.nl/concerten/14577649-zing-cirkel-concertgebouw,"v.a. EUR 20,00"
Concertgebouw,Zing-Cirkel Concertgebouw,Concert,"di 24 mrt 2026, 13:00 - 15:00",,,https://www.concertgebouw.nl/concerten/14577651-zing-cirkel-concertgebouw,"v.a. EUR 20,00"
Concertgebouw,Scherpdenkers: Ramsey Nasr en Calefax Rietkwintet – Klassieke obsessie,Concert,"di 24 mrt 2026, 20:15 - 21:35",Kleine Zaal,,https://www.concertgebouw.nl/concerten/8508211-scherpdenkers-ramsey-nasr-en-calefax-rietkwintet---klassieke-obsessie,"v.a. EUR 29,00 [UITVERKOCHT]"
Concertgebouw,Peuterconcert: Muzieknootjes (2+),Concert,"wo 25 mrt 2026, 09:30 - 10:30",,,https://www.concertgebouw.nl/concerten/13173970-peuterconcert-muzieknootjes-2,"v.a. EUR 18,00 [UITVERKOCHT]"
Concertgebouw,Peuterconcert: Muzieknootjes (2+),Concert,"wo 25 mrt 2026, 11:30 - 12:30",,,https://www.concertgebouw.nl/concerten/13173971-peuterconcert-muzieknootjes-2,"v.a. EUR 18,00 [UITVERKOCHT]"
Concertgebouw,Gratis Lunchconcert: Prinses Christina Jazz Concours,Gratis Lunchconcert,"wo 25 mrt 2026, 12:30 - 13:00",Kleine Zaal,,https://www.concertgebouw.nl/concerten/36977903-gratis-lunchconcert-prinses-christina-jazz-concours,Gratis
Concertgebouw,Peuterconcert: Muzieknootjes (2+),Concert,"wo 25 mrt 2026, 15:00 - 16:00",,,https://www.concertgebouw.nl/concerten/13173972-peuterconcert-muzieknootjes-2,"v.a. EUR 18,00 [UITVERKOCHT]"
Concertgebouw,Rising Stars: Maat Saxophone Quartet,Luisteren,"wo 25 mrt 2026, 20:15 - 22:35",Kleine Zaal,"Vrebalov Four faces, four wings (In opdracht van Gulbenkian Lisbon, Casa da Musica Porto, Philharmonie Paris, ECHO) Gershwin Porgy, I is Your Woman Now",https://www.concertgebouw.nl/concerten/8505069-rising-stars-maat-saxophone-quartet,"v.a. EUR 19,00"
Concertgebouw,Sjostakovitsj 120: Kamermuziek met de Familie Ferschtman (deel 3),Concert,"do 26 mrt 2026, 20:15 - 22:35",Kleine Zaal,"Sjostakovitsj Zeven romances op teksten van Aleksander Blok, op. 127 Sjostakovitsj Symfonie nr. 15 in A, op. 141",https://www.concertgebouw.nl/concerten/8503292-sjostakovitsj-120-kamermuziek-met-de-familie-ferschtman-deel-3,"v.a. EUR 35,00"
Concertgebouw,N∆BOU,Concert,"do 26 mrt 2026, 20:15 - 21:30",,,https://www.concertgebouw.nl/concerten/27827918-n-bou,"v.a. EUR 19,00"
Concertgebouw,TwoSet Violin World Tour: Sacrilegious Games,Concert,"do 26 mrt 2026, 20:15 - 21:50",Grote Zaal,,https://www.concertgebouw.nl/concerten/43353320-twoset-violin-world-tour-sacrilegious-games,"v.a. EUR 49,00"
Concertgebouw,N∆BOU,Concert,"do 26 mrt 2026, 20:15 - 21:30",,,https://www.concertgebouw.nl/concerten/27827918-n-bou,"v.a. EUR 19,00"
Concertgebouw,Klaus Mäkelä dirigeert de Matthäus-Passion bij het Concertgebouworkest,Luisteren,"vr 27 mrt 2026, 19:00 - 22:20",Grote Zaal,,https://www.concertgebouw.nl/concerten/11065589-klaus-makela-dirigeert-de-matthaus-passion-bij-het-concertgebouworkest,"v.a. EUR 29,00 [UITVERKOCHT]"
Concertgebouw,Nieuwe Blik Terug: Surinaamse componisten,Concert,"vr 27 mrt 2026, 20:15 - 21:45",Kleine Zaal,,https://www.concertgebouw.nl/concerten/8507561-nieuwe-blik-terug-surinaamse-componisten,"v.a. EUR 25,00"
Concertgebouw,KCOV Amsterdam zingt de Johannes-Passion van Bach,Luisteren,"za 28 mrt 2026, 13:30 - 16:00",Grote Zaal,,https://www.concertgebouw.nl/concerten/35922251-kcov-amsterdam-zingt-de-johannes-passion-van-bach,"v.a. EUR 41,00"
Concertgebouw,Familieconcert: Be Matthäus (8+),Familieconcert,"za 28 mrt 2026, 13:30 - 14:30",Kleine Zaal,,https://www.concertgebouw.nl/concerten/13173973-familieconcert-be-matthaus-8,"v.a. EUR 19,00"
Concertgebouw,Familieconcert: Be Matthäus (8+),Familieconcert,"za 28 mrt 2026, 15:30 - 16:30",Kleine Zaal,,https://www.concertgebouw.nl/concerten/13173974-familieconcert-be-matthaus-8,"v.a. EUR 19,00"
Concertgebouw,Bachs Matthäus-Passion door Nederlands Kamerorkest & René Jacobs,Luisteren,"za 28 mrt 2026, 19:30 - 22:35",Grote Zaal,,https://www.concertgebouw.nl/concerten/9133503-bachs-matthaus-passion-door-nederlands-kamerorkest-rene-jacobs,"v.a. EUR 35,00"
Concertgebouw,Challem – album release concert,Concert,"za 28 mrt 2026, 20:15 - 21:30",Kleine Zaal,,https://www.concertgebouw.nl/concerten/32631989-challem---album-release-concert,"v.a. EUR 19,00"
Concertgebouw,Brahms’ Klarinetkwintet door Animato Kwartet en Jelmer de Moed,Concert,"zo 29 mrt 2026, 11:00 - 12:00",Kleine Zaal,"Brahms Klarinetkwintet in b, op. 115 Mozart Strijkkwartet in Bes, KV 589 'Pruisisch'",https://www.concertgebouw.nl/concerten/7557172-brahms-klarinetkwintet-door-animato-kwartet-en-jelmer-de-moed,"v.a. EUR 25,00 [Laatste kaarten]"
Concertgebouw,Klaus Mäkelä dirigeert de Matthäus-Passion bij het Concertgebouworkest,Luisteren,"zo 29 mrt 2026, 12:00 - 15:20",Grote Zaal,,https://www.concertgebouw.nl/concerten/11065590-klaus-makela-dirigeert-de-matthaus-passion-bij-het-concertgebouworkest,"v.a. EUR 29,00 [UITVERKOCHT]"
Concertgebouw,Ciconia Consort & Alexander Warenberg: In de ban van de Ring,Concert,"zo 29 mrt 2026, 14:30 - 16:35",Kleine Zaal,"K.A. Hartmann Symfonie nr. 4 Karlowicz Serenade in C, op. 2",https://www.concertgebouw.nl/concerten/12433758-ciconia-consort-alexander-warenberg-in-de-ban-van-de-ring,"v.a. EUR 29,00"
Concertgebouw,KCOV Excelsior zingt Bachs Johannes-Passion,Luisteren,"zo 29 mrt 2026, 20:15 - 22:50",Grote Zaal,,https://www.concertgebouw.nl/concerten/40359352-kcov-excelsior-zingt-bachs-johannes-passion,"v.a. EUR 40,00"
Concertgebouw,Mathias Eick Quartet,Concert,"zo 29 mrt 2026, 20:15 - 22:00",Kleine Zaal,,https://www.concertgebouw.nl/concerten/32839898-mathias-eick-quartet,"v.a. EUR 25,00"
Concertgebouw,Bachs Matthäus-Passion door Pygmalion & Raphaël Pichon,Luisteren,"di 31 mrt 2026, 19:30 - 22:40",Grote Zaal,,https://www.concertgebouw.nl/concerten/8110222-bachs-matthaus-passion-door-pygmalion-raphael-pichon,"v.a. EUR 39,00 [UITVERKOCHT]"
Concertgebouw,Bachs Matthäus-Passion door de Nederlandse Bachvereniging,Luisteren,"wo 1 apr 2026, 19:30 - 22:35",Grote Zaal,,https://www.concertgebouw.nl/concerten/8110223-bachs-matthaus-passion-door-de-nederlandse-bachvereniging,"v.a. EUR 29,00 [Laatste kaarten]"
Concertgebouw,Mathilde Santing - Fidelity,Concert,"wo 1 apr 2026, 20:15 - 21:45",Kleine Zaal,,https://www.concertgebouw.nl/concerten/28662248-mathilde-santing---fidelity,"v.a. EUR 25,00 [UITVERKOCHT]"
Concertgebouw,Matthäus-Passion met passie,Luisteren,"vr 3 apr 2026, 13:30 - 16:15",Grote Zaal,,https://www.concertgebouw.nl/concerten/13173395-matthaus-passion-met-passie,"v.a. EUR 37,50"
Concertgebouw,Toonkunstkoor Amsterdam zingt Bachs Matthäus-Passion,Luisteren,"vr 3 apr 2026, 19:30 - 22:50",Grote Zaal,,https://www.concertgebouw.nl/concerten/33636020-toonkunstkoor-amsterdam-zingt-bachs-matthaus-passion,"v.a. EUR 50,00"
Concertgebouw,Nina June with string quartet,Concert,"vr 3 apr 2026, 20:15 - 21:45",Kleine Zaal,,https://www.concertgebouw.nl/concerten/14239462-nina-june-with-string-quartet,"v.a. EUR 19,00 [UITVERKOCHT]"
Concertgebouw,Matthäus-Passion met passie,Luisteren,"za 4 apr 2026, 14:15 - 17:00",Grote Zaal,,https://www.concertgebouw.nl/concerten/13173396-matthaus-passion-met-passie,"v.a. EUR 37,50"
Concertgebouw,Pergolesi’s ontroerende Stabat mater,Luisteren,"za 4 apr 2026, 19:00 - 21:00",Grote Zaal,"Boccherini Stabat mater in f, G. 532, op. 61 Vivaldi Stabat mater, RV 621",https://www.concertgebouw.nl/concerten/14281543-pergolesis-ontroerende-stabat-mater,"v.a. EUR 37,50 [Laatste kaarten]"
Concertgebouw,Haydn's Celloconcert in C en Brahms' Haydn-variaties,Concert,"zo 5 apr 2026, 11:00 - 12:00",Grote Zaal,"Haydn Celloconcert in C, Hob. VIIb: 1 Brahms Variaties op een thema van J. Haydn in Bes, op. 56a",https://www.concertgebouw.nl/concerten/7557173-haydns-celloconcert-in-c-en-brahms-haydn-variaties,"v.a. EUR 21,00"
Concertgebouw,Matthäus-Passion met passie,Luisteren,"zo 5 apr 2026, 14:15 - 17:00",Grote Zaal,,https://www.concertgebouw.nl/concerten/13173397-matthaus-passion-met-passie,"v.a. EUR 37,50"
Concertgebouw,Matthäus-Passion met passie,Luisteren,"ma 6 apr 2026, 14:15 - 17:00",Grote Zaal,,https://www.concertgebouw.nl/concerten/13173398-matthaus-passion-met-passie,"v.a. EUR 37,50"
Concertgebouw,Ichiko Aoba - Across The Oceans Tour 2026,Concert,"di 7 apr 2026, 20:15 - 21:45",Grote Zaal,,https://www.concertgebouw.nl/concerten/32631990-ichiko-aoba---across-the-oceans-tour-2026,"v.a. EUR 29,00 [Laatste kaarten]"
Concertgebouw,Gratis Lunchconcert: jongNBE,Gratis Lunchconcert,"wo 8 apr 2026, 12:30 - 13:00",Kleine Zaal,,https://www.concertgebouw.nl/concerten/36977905-gratis-lunchconcert-jongnbe,Gratis
Concertgebouw,Grote Pianisten: Ronald Brautigam speelt Beethovens 'Appassionata' en Schubert,Luisteren,"wo 8 apr 2026, 20:15 - 22:15",Grote Zaal,"Schubert Sonate in A, D 959 Beethoven Sonate nr. 23 in f, op. 57 'Appassionata'",https://www.concertgebouw.nl/concerten/7604257-grote-pianisten-ronald-brautigam-speelt-beethovens-appassionata-en-schubert,"v.a. EUR 19,00"
Concertgebouw,Nino Gvetadze en Goldmund Quartett met Dvořák en Schumann,Concert,"wo 8 apr 2026, 20:15 - 22:00",Kleine Zaal,"Dvořák Pianokwintet nr. 2 in A, op. 81 Schumann Pianokwintet in Es, op. 44",https://www.concertgebouw.nl/concerten/8713410-nino-gvetadze-en-goldmund-quartett-met-dvorak-en-schumann,"v.a. EUR 29,00"
Concertgebouw,"Bachs Hohe Messe door accentus, Monteverdi Choir, Insula orchestra & Laurence Equilbey",Luisteren,"do 9 apr 2026, 20:15 - 22:05",Grote Zaal,,https://www.concertgebouw.nl/concerten/21204088-bachs-hohe-messe-door-accentus-monteverdi-choir-insula-orchestra-laurence-equilbey,"v.a. EUR 29,00"
Concertgebouw,Masterpieces Unboxed: Moesorgski's Schilderijententoonstelling,Concert,"do 9 apr 2026, 20:30 - 22:50",Kleine Zaal,,https://www.concertgebouw.nl/concerten/8507466-masterpieces-unboxed-moesorgskis-schilderijententoonstelling,"v.a. EUR 17,00"
Concertgebouw,Concertgebouworkest speelt Tsjaikovski's Symfonie nr. 4,Concert,"vr 10 apr 2026, 20:15 - 22:10",Grote Zaal,"Tsjaikovski Symfonie nr. 4 in f, op. 36 Poulenc Orgelconcert in g",https://www.concertgebouw.nl/concerten/11065591-concertgebouworkest-speelt-tsjaikovskis-symfonie-nr.-4,"v.a. EUR 20,00"
Concertgebouw,Gabriel Ríos soleert,Concert,"vr 10 apr 2026, 20:15 - 22:00",Kleine Zaal,,https://www.concertgebouw.nl/concerten/29496506-gabriel-rios-soleert,"v.a. EUR 19,00"
Concertgebouw,KleuterSinfonietta: Speelgoedfabriek Tokkel en Strijk (4 en 5 jaar),Concert,"za 11 apr 2026, 10:00 - 11:00",,,https://www.concertgebouw.nl/concerten/12286208-kleutersinfonietta-speelgoedfabriek-tokkel-en-strijk-4-en-5-jaar,"v.a. EUR 18,00 [Laatste kaarten]"
Concertgebouw,KleuterSinfonietta: Speelgoedfabriek Tokkel en Strijk (4 en 5 jaar),Concert,"za 11 apr 2026, 12:00 - 13:00",,,https://www.concertgebouw.nl/concerten/12286213-kleutersinfonietta-speelgoedfabriek-tokkel-en-strijk-4-en-5-jaar,"v.a. EUR 18,00 [UITVERKOCHT]"
Concertgebouw,KleuterSinfonietta: Speelgoedfabriek Tokkel en Strijk (4 en 5 jaar),Concert,"za 11 apr 2026, 14:00 - 15:00",,,https://www.concertgebouw.nl/concerten/12286216-kleutersinfonietta-speelgoedfabriek-tokkel-en-strijk-4-en-5-jaar,"v.a. EUR 18,00 [UITVERKOCHT]"
Concertgebouw,Stravinsky's Petroesjka en nieuw werk van Wohl,Concert,"za 11 apr 2026, 14:15 - 16:15",Grote Zaal,"Stravinsky Petroesjka Wohl Pianoconcert (In opdracht van NTR ZaterdagMatinee, mede mogelijk gemaakt door de Vrienden van de Matinee)",https://www.concertgebouw.nl/concerten/8923973-stravinskys-petroesjka-en-nieuw-werk-van-wohl,"v.a. EUR 45,00"
Concertgebouw,Beethovens magistrale Tripelconcert met het Storioni Trio,Luisteren,"zo 12 apr 2026, 11:00 - 12:00",Grote Zaal,"Haydn Symfonie nr. 82 in C 'L'ours' Beethoven Tripelconcert in C, op. 56",https://www.concertgebouw.nl/concerten/7557174-beethovens-magistrale-tripelconcert-met-het-storioni-trio,"v.a. EUR 21,00"
Concertgebouw,Concertgebouworkest speelt Tsjaikovski's Symfonie nr. 4,Concert,"zo 12 apr 2026, 14:15 - 16:10",Grote Zaal,"Tsjaikovski Symfonie nr. 4 in f, op. 36 Poulenc Orgelconcert in g",https://www.concertgebouw.nl/concerten/11065615-concertgebouworkest-speelt-tsjaikovskis-symfonie-nr.-4,"v.a. EUR 20,00"
Concertgebouw,Master of Film Music: Ennio Morricone,Concert,"ma 13 apr 2026, 20:15 - 22:35",Grote Zaal,,https://www.concertgebouw.nl/concerten/12030952-master-of-film-music-ennio-morricone,"v.a. EUR 74,00 [Laatste kaarten]"
Concertgebouw,Master of Film Music: Ennio Morricone,Concert,"di 14 apr 2026, 20:15 - 22:35",Grote Zaal,,https://www.concertgebouw.nl/concerten/12030953-master-of-film-music-ennio-morricone,"v.a. EUR 74,00 [Laatste kaarten]"
Concertgebouw,Close-up Concertgebouworkest: Sextetten en trio's,Concert,"di 14 apr 2026, 20:15 - 22:10",Kleine Zaal,"Brahms Strijksextet nr. 2 in G, op. 36 Kodály Intermezzo",https://www.concertgebouw.nl/concerten/8506297-close-up-concertgebouworkest-sextetten-en-trios,"v.a. EUR 38,00"
Concertgebouw,Kian Soltani en Jae Hong Park spelen Schuberts 'Arpeggione',Luisteren,"wo 15 apr 2026, 20:15 - 22:05",Kleine Zaal,"Rachmaninoff Sonate in g, op. 19 Schubert Sonate in a, D 821 'Arpeggione'",https://www.concertgebouw.nl/concerten/8508213-kian-soltani-en-jae-hong-park-spelen-schuberts-arpeggione,"v.a. EUR 29,00"
Concertgebouw,Gratis Lunchconcert: Codarts Symfonieorkest,Gratis Lunchconcert,"do 16 apr 2026, 12:30 - 13:00",Grote Zaal,"Sibelius Symfonie nr. 7 in C, op. 105 Nielsen Ouverture 'Helios', op. 17",https://www.concertgebouw.nl/concerten/36977906-gratis-lunchconcert-codarts-symfonieorkest,Gratis
Concertgebouw,Peter Somuah Group,Concert,"do 16 apr 2026, 19:30 - 20:30",,,https://www.concertgebouw.nl/concerten/42706587-peter-somuah-group,"v.a. EUR 25,00"
Concertgebouw,Beethovens Vijfde en Tsjaikovski’s Vioolconcert met Fabiola Kim,Luisteren,"do 16 apr 2026, 20:15 - 22:35",Grote Zaal,"Beethoven Symfonie nr. 5 in c, op. 67 Tsjaikovski Vioolconcert in D, op. 35",https://www.concertgebouw.nl/concerten/14669584-beethovens-vijfde-en-tsjaikovskis-vioolconcert-met-fabiola-kim,"v.a. EUR 20,00"
Concertgebouw,"Concertgebouworkest speelt Dvořáks Symfonie nr. 9, ‘Uit de Nieuwe Wereld’",Luisteren,"vr 17 apr 2026, 20:15 - 22:15",Grote Zaal,"Dvořák Symfonie nr. 9 in e, op. 95 'Uit de Nieuwe Wereld' Zuidam Orewoet (In opdracht van het Concertgebouworkest)",https://www.concertgebouw.nl/concerten/11065616-concertgebouworkest-speelt-dvoraks-symfonie-nr.-9-uit-de-nieuwe-wereld,"v.a. EUR 20,00"
Concertgebouw,Quatuor Modigliani speelt Brahms en Haydn,Concert,"vr 17 apr 2026, 20:15 - 22:00",Kleine Zaal,"Brahms Strijkkwartet in c, op. 51, nr. 1 Haydn Strijkkwartet in F, op. 77, nr. 2, Hob III: 82 'Lobkowitz'",https://www.concertgebouw.nl/concerten/8110490-quatuor-modigliani-speelt-brahms-en-haydn,"v.a. EUR 35,00"
Concertgebouw,PRJCT Amsterdam & Maarten Engeltjes: Brockes-Passion van Händel,Concert,"za 18 apr 2026, 13:30 - 16:30",Grote Zaal,,https://www.concertgebouw.nl/concerten/8923974-prjct-amsterdam-maarten-engeltjes-brockes-passion-van-handel,"v.a. EUR 51,00"
Concertgebouw,Beethovens Vioolconcert en Stravinsky's Le sacre du printemps,Concert,"za 18 apr 2026, 20:15 - 22:25",Grote Zaal,"Stravinsky Le sacre du printemps, tableaux de la Russie païenne en deux parties, K 015 Beethoven Vioolconcert in D, op. 61",https://www.concertgebouw.nl/concerten/8110224-beethovens-vioolconcert-en-stravinskys-le-sacre-du-printemps,"v.a. EUR 19,00"
Concertgebouw,Quatuor Modigliani speelt Brahms en Haydn,Concert,"za 18 apr 2026, 20:15 - 22:00",Kleine Zaal,"Brahms Strijkkwartet in c, op. 51, nr. 1 Haydn Strijkkwartet in F, op. 77, nr. 2, Hob III: 82 'Lobkowitz'",https://www.concertgebouw.nl/concerten/8110491-quatuor-modigliani-speelt-brahms-en-haydn,"v.a. EUR 35,00"
Concertgebouw,KleuterSinfonietta: Speelgoedfabriek Tokkel en Strijk (4 en 5 jaar),Concert,"zo 19 apr 2026, 10:00 - 10:30",,,https://www.concertgebouw.nl/concerten/12286239-kleutersinfonietta-speelgoedfabriek-tokkel-en-strijk-4-en-5-jaar,"v.a. EUR 18,00"
Concertgebouw,Brahms' Dubbelconcert door Liza Ferschtman en Ivan Karizna,Concert,"zo 19 apr 2026, 11:00 - 12:00",Grote Zaal,"Brahms Dubbelconcert in a, op. 102 Prokofjev Symfonie nr. 1 in D, op. 25 'Klassieke'",https://www.concertgebouw.nl/concerten/7557175-brahms-dubbelconcert-door-liza-ferschtman-en-ivan-karizna,"v.a. EUR 21,00"
Concertgebouw,KleuterSinfonietta: Speelgoedfabriek Tokkel en Strijk (4 en 5 jaar),Concert,"zo 19 apr 2026, 12:00 - 13:00",,,https://www.concertgebouw.nl/concerten/12286240-kleutersinfonietta-speelgoedfabriek-tokkel-en-strijk-4-en-5-jaar,"v.a. EUR 18,00"
Concertgebouw,Familieconcert: Sofie ontdekt Zuid-Amerika (6+),Familieconcert,"zo 19 apr 2026, 13:30 - 14:30",Kleine Zaal,,https://www.concertgebouw.nl/concerten/13173975-familieconcert-sofie-ontdekt-zuid-amerika-6,"v.a. EUR 19,00"
Concertgebouw,KleuterSinfonietta: Speelgoedfabriek Tokkel en Strijk (4 en 5 jaar),Concert,"zo 19 apr 2026, 14:00 - 15:00",,,https://www.concertgebouw.nl/concerten/12286241-kleutersinfonietta-speelgoedfabriek-tokkel-en-strijk-4-en-5-jaar,"v.a. EUR 18,00"
Concertgebouw,"Concertgebouworkest speelt Dvořáks Symfonie nr. 9, ‘Uit de Nieuwe Wereld’",Luisteren,"zo 19 apr 2026, 14:15 - 16:15",Grote Zaal,"Dvořák Symfonie nr. 9 in e, op. 95 'Uit de Nieuwe Wereld' Zuidam Orewoet (In opdracht van het Concertgebouworkest)",https://www.concertgebouw.nl/concerten/11110453-concertgebouworkest-speelt-dvoraks-symfonie-nr.-9-uit-de-nieuwe-wereld,"v.a. EUR 20,00"
Concertgebouw,Familieconcert: Sofie ontdekt Zuid-Amerika (6+),Familieconcert,"zo 19 apr 2026, 15:30 - 16:30",Kleine Zaal,,https://www.concertgebouw.nl/concerten/14280797-familieconcert-sofie-ontdekt-zuid-amerika-6,"v.a. EUR 19,00"
Concertgebouw,Grote Pianisten: Alexandra Dovgan speelt Prokofjev en Chopin,Concert,"zo 19 apr 2026, 20:15 - 22:15",Grote Zaal,"Prokofjev Sonate nr. 2 in d, op. 14 Franck Prélude, choral et fugue, op. 21",https://www.concertgebouw.nl/concerten/7604261-grote-pianisten-alexandra-dovgan-speelt-prokofjev-en-chopin,"v.a. EUR 19,00"
Concertgebouw,Ludovico Einaudi,Concert,"ma 20 apr 2026, 20:15 - 22:15",Grote Zaal,,https://www.concertgebouw.nl/concerten/36485015-ludovico-einaudi,"v.a. EUR 75,00 [UITVERKOCHT]"
Concertgebouw,Ludovico Einaudi,Concert,"di 21 apr 2026, 20:15 - 22:15",Grote Zaal,,https://www.concertgebouw.nl/concerten/36344383-ludovico-einaudi,"v.a. EUR 75,00 [UITVERKOCHT]"
Concertgebouw,Scherpdenkers: Sheila Sitalsing en Berlage Saxophone Quartet,Concert,"di 21 apr 2026, 20:15 - 21:35",Kleine Zaal,Van Klaveren GoudFout (In opdracht van Het Concertgebouw) Cage Four5,https://www.concertgebouw.nl/concerten/8508214-scherpdenkers-sheila-sitalsing-en-berlage-saxophone-quartet,"v.a. EUR 29,00"
Concertgebouw,Zing-Cirkel Concertgebouw,Concert,"wo 22 apr 2026, 10:00 - 12:00",,,https://www.concertgebouw.nl/concerten/14577645-zing-cirkel-concertgebouw,"v.a. EUR 20,00"
Concertgebouw,Zing-Cirkel Concertgebouw,Concert,"wo 22 apr 2026, 13:00 - 15:00",,,https://www.concertgebouw.nl/concerten/14577646-zing-cirkel-concertgebouw,"v.a. EUR 20,00"
Concertgebouw,Concertgebouworkest en Elim Chan: Elgar en Beethoven,Luisteren,"wo 22 apr 2026, 20:15 - 22:20",Grote Zaal,"Elgar Enigma-variaties, op. 36 Koide Swaddling Silk and Gossamer Rain",https://www.concertgebouw.nl/concerten/11110454-concertgebouworkest-en-elim-chan-elgar-en-beethoven,"v.a. EUR 20,00"
Concertgebouw,Rising Stars: Valerie Fritz & Mario Häring,Concert,"wo 22 apr 2026, 20:15 - 21:30",Kleine Zaal,"Sjostakovitsj Sonate in d, op. 40 Walshe The sheer task of being alive (In opdracht van Elbphilharmonie Hamburg, Bozar Brussel, Casa da Música Porto, Kölner Philharmonie, Konzerthaus Dortmund, Musikverein Wien, ECHO)",https://www.concertgebouw.nl/concerten/8505070-rising-stars-valerie-fritz-mario-haring,"v.a. EUR 19,00"
Concertgebouw,Gratis Lunchconcert: Dutch National Opera Studio & Academie van het Concertgebouworkest,Gratis Lunchconcert,"do 23 apr 2026, 12:30 - 13:00",Grote Zaal,,https://www.concertgebouw.nl/concerten/36977907-gratis-lunchconcert-dutch-national-opera-studio-academie-van-het-concertgebouworkest,Gratis
Concertgebouw,Concertgebouworkest en Elim Chan: Elgar en Beethoven,Luisteren,"do 23 apr 2026, 20:15 - 22:20",Grote Zaal,"Elgar Enigma-variaties, op. 36 Koide Swaddling Silk and Gossamer Rain",https://www.concertgebouw.nl/concerten/11110455-concertgebouworkest-en-elim-chan-elgar-en-beethoven,"v.a. EUR 20,00"
Concertgebouw,Dutch Jazz Heritage: Sarah Vaughan,Concert,"do 23 apr 2026, 20:15 - 22:15",Kleine Zaal,,https://www.concertgebouw.nl/concerten/8507467-dutch-jazz-heritage-sarah-vaughan,"v.a. EUR 35,00"
Concertgebouw,Concertgebouworkest Essentials: Beethovens 'Keizersconcert',Essentials,"vr 24 apr 2026, 21:00 - 22:15",Grote Zaal,,https://www.concertgebouw.nl/concerten/11110456-concertgebouworkest-essentials-beethovens-keizersconcert,"v.a. EUR 20,00"
Concertgebouw,Jörg Widmann dirigeert Beethoven en zichzelf,Luisteren,"za 25 apr 2026, 14:15 - 16:20",Grote Zaal,"Beethoven Symfonie nr. 7 in A, op. 92 Korngold Symphonic Serenade in Bes, op. 39",https://www.concertgebouw.nl/concerten/8923975-jorg-widmann-dirigeert-beethoven-en-zichzelf,"v.a. EUR 45,00"
Concertgebouw,Harriet Krijgh en leden van Amsterdam Sinfonietta in Schuberts Strijkkwintet,Concert,"za 25 apr 2026, 20:15 - 22:20",Kleine Zaal,"Schubert Strijkkwintet in C, D 956, op. posth. 163 Brahms Strijksextet nr. 1 in Bes, op. 18",https://www.concertgebouw.nl/concerten/8503496-harriet-krijgh-en-leden-van-amsterdam-sinfonietta-in-schuberts-strijkkwintet,"v.a. EUR 29,00 [Laatste kaarten]"
Concertgebouw,Elgars Enigma-variaties en Maria Milstein speelt West Side Story,Luisteren,"zo 26 apr 2026, 11:00 - 12:00",Grote Zaal,"Elgar Enigma-variaties, op. 36 Bernstein West Side Story Suite (arr. P. Bateman)",https://www.concertgebouw.nl/concerten/7557176-elgars-enigma-variaties-en-maria-milstein-speelt-west-side-story,"v.a. EUR 21,00"
Concertgebouw,A New Perspective on Miles – Brussels Jazz Orchestra ft. Ambrose Akinmusire,Concert,"di 28 apr 2026, 20:15 - 21:45",Grote Zaal,,https://www.concertgebouw.nl/concerten/32424247-a-new-perspective-on-miles---brussels-jazz-orchestra-ft.-ambrose-akinmusire,"v.a. EUR 29,00"
Concertgebouw,Gratis Lunchconcert: Codarts kamermuziek,Gratis Lunchconcert,"wo 29 apr 2026, 12:30 - 13:00",Kleine Zaal,,https://www.concertgebouw.nl/concerten/36977908-gratis-lunchconcert-codarts-kamermuziek,Gratis
Concertgebouw,40 JAAR DRIES,Concert,"do 30 apr 2026, 20:15 - 22:45",Grote Zaal,,https://www.concertgebouw.nl/concerten/43209089-40-jaar-dries,"v.a. EUR 47,00 [UITVERKOCHT]"
Concertgebouw,Gratis lunchconcert voor kinderen: Jonge Strijkers (6+),Gratis Lunchconcert,"vr 1 mei 2026, 12:30 - 13:00",Kleine Zaal,,https://www.concertgebouw.nl/concerten/36977909-gratis-lunchconcert-voor-kinderen-jonge-strijkers-6,Gratis
Concertgebouw,Raphaël Pichon leidt Rameau en Gluck bij het Concertgebouworkest,Concert,"vr 1 mei 2026, 20:15 - 21:45",Grote Zaal,Rameau delen Rameau Entrée très gaye de Troubadours,https://www.concertgebouw.nl/concerten/11152423-raphael-pichon-leidt-rameau-en-gluck-bij-het-concertgebouworkest,"v.a. EUR 20,00"
Concertgebouw,Mozarts pianosonates op een Stein fortepiano uit 1783,Concert,"vr 1 mei 2026, 20:15 - 22:35",Kleine Zaal,"Mozart Sonate in c, KV 457 Mozart Fantasie in c, KV 475",https://www.concertgebouw.nl/concerten/12645062-mozarts-pianosonates-op-een-stein-fortepiano-uit-1783,"v.a. EUR 24,00"
Concertgebouw,Herreweghe dirigeert Mendelssohn en Schumann bij het Antwerp Symphony Orchestra,Concert,"za 2 mei 2026, 20:15 - 22:35",Grote Zaal,"Schumann Symfonie nr. 3 in Es, op. 97 'Rheinische' Mendelssohn Pianoconcert nr. 1 in g, op. 25",https://www.concertgebouw.nl/concerten/8110225-herreweghe-dirigeert-mendelssohn-en-schumann-bij-het-antwerp-symphony-orchestra,"v.a. EUR 19,00"
Concertgebouw,Trio Milstein Tavenier Viersen speelt Schubert en Mozart,Concert,"zo 3 mei 2026, 11:00 - 12:00",Kleine Zaal,"Mozart Trio in Es, KV 563 'Ein Divertimento... di sei pezzi' Strijktrio in Bes, D 471",https://www.concertgebouw.nl/concerten/7557177-trio-milstein-tavenier-viersen-speelt-schubert-en-mozart,"v.a. EUR 25,00"
Concertgebouw,Raphaël Pichon leidt Rameau en Gluck bij het Concertgebouworkest,Concert,"zo 3 mei 2026, 14:15 - 15:45",Grote Zaal,Rameau delen Rameau Entrée très gaye de Troubadours,https://www.concertgebouw.nl/concerten/11154511-raphael-pichon-leidt-rameau-en-gluck-bij-het-concertgebouworkest,"v.a. EUR 20,00"
Concertgebouw,"Het Middagconcert: Música Temprana met Bailes, Tonadas & Cachuas",Concert,"zo 3 mei 2026, 16:00 - 17:30",Kleine Zaal,anoniem El Moro anoniem El gallinasito,https://www.concertgebouw.nl/concerten/8505071-het-middagconcert-musica-temprana-met-bailes-tonadas-cachuas,"v.a. EUR 29,00"
Concertgebouw,Het Herdenkingsconcert met Tim Knol,Concert,"ma 4 mei 2026, 19:00 - 20:30",Kleine Zaal,,https://www.concertgebouw.nl/concerten/44438332-het-herdenkingsconcert-met-tim-knol,"v.a. EUR 21,00"
Concertgebouw,Gratis Lunchconcert: YCAT/Nathan Amaral,Gratis Lunchconcert,"wo 6 mei 2026, 12:30 - 13:00",Kleine Zaal,,https://www.concertgebouw.nl/concerten/36977910-gratis-lunchconcert-ycat-nathan-amaral,Gratis
Concertgebouw,Lucas en Arthur Jussen spelen Bach en Mozart,Concert,"wo 6 mei 2026, 20:15 - 22:35",Grote Zaal,"Haydn Symfonie nr. 45 'Abschied' J.S. Bach Concert in C, BWV 1061",https://www.concertgebouw.nl/concerten/7804308-lucas-en-arthur-jussen-spelen-bach-en-mozart,"v.a. EUR 25,00 [Laatste kaarten]"
Concertgebouw,Consone Quartet in Schuberts 'Rosamunde' en Mozarts 'Dissonanten',Concert,"wo 6 mei 2026, 20:15 - 22:20",Kleine Zaal,"Schubert Strijkkwartet in a, D 804 'Rosamunde' Leith On a horse, on a hill, faraway, through fog and bonfire (In opdracht van Borletti-Buitoni Trust, Spitalfields Festival, New Commission Fund)",https://www.concertgebouw.nl/concerten/8503497-consone-quartet-in-schuberts-rosamunde-en-mozarts-dissonanten,"v.a. EUR 29,00"
Concertgebouw,Augustin Hadelich speelt Tsjaikovski’s Vioolconcert met het Concertgebouworkest,Luisteren,"do 7 mei 2026, 20:15 - 22:15",Grote Zaal,"Brahms Symfonie nr. 4 in e, op. 98 Tsjaikovski Vioolconcert in D, op. 35",https://www.concertgebouw.nl/concerten/11154811-augustin-hadelich-speelt-tsjaikovskis-vioolconcert-met-het-concertgebouworkest,"v.a. EUR 29,00"
Concertgebouw,"Schuberts Forellenkwintet door Simply Quartet, Piirto en Wagner",Luisteren,"do 7 mei 2026, 20:15 - 22:35",Kleine Zaal,"Schubert Kwintet in A, D 667 'Die Forelle' Schubert Sonate in a, D 821 'Arpeggione'",https://www.concertgebouw.nl/concerten/8503498-schuberts-forellenkwintet-door-simply-quartet-piirto-en-wagner,"v.a. EUR 29,00"
Concertgebouw,Jonge Nederlanders: pianist Shane van Neerden,Concert,"vr 8 mei 2026, 20:15 - 22:35",Kleine Zaal,"Barber Sonate in es, op. 26 Ives Three Page Sonata",https://www.concertgebouw.nl/concerten/8507468-jonge-nederlanders-pianist-shane-van-neerden,"v.a. EUR 19,00"
Concertgebouw,Concertgebouworkest Essentials: Brahms' Symfonie nr. 4,Essentials,"vr 8 mei 2026, 21:00 - 22:10",Grote Zaal,,https://www.concertgebouw.nl/concerten/11154812-concertgebouworkest-essentials-brahms-symfonie-nr.-4,"v.a. EUR 20,00"
Concertgebouw,In hogere sferen met Ligeti en Langgaard,Luisteren,"za 9 mei 2026, 14:15 - 16:25",Grote Zaal,"Langgaard Sfærernes Musik (Muziek der sferen), BVN 128 Ligeti Lux aeterna",https://www.concertgebouw.nl/concerten/8923976-in-hogere-sferen-met-ligeti-en-langgaard,"v.a. EUR 45,00"
Concertgebouw,Mahler en Strauss met het Nederlands Philharmonisch,Luisteren,"za 9 mei 2026, 20:15 - 22:35",Grote Zaal,"Mahler Adagio - Andante - Adagio R. Strauss Don Juan, op. 20",https://www.concertgebouw.nl/concerten/9133504-mahler-en-strauss-met-het-nederlands-philharmonisch,"v.a. EUR 35,00"
Concertgebouw,Familieconcert op Moederdag: Moeder de Gans (6+),Familieconcert,"zo 10 mei 2026, 11:00 - 12:00",Grote Zaal,,https://www.concertgebouw.nl/concerten/7557178-familieconcert-op-moederdag-moeder-de-gans-6,"v.a. EUR 25,00"
Concertgebouw,Augustin Hadelich speelt Tsjaikovski’s Vioolconcert met het Concertgebouworkest,Luisteren,"zo 10 mei 2026, 14:15 - 16:15",Grote Zaal,"Brahms Symfonie nr. 4 in e, op. 98 Tsjaikovski Vioolconcert in D, op. 35",https://www.concertgebouw.nl/concerten/11154813-augustin-hadelich-speelt-tsjaikovskis-vioolconcert-met-het-concertgebouworkest,"v.a. EUR 29,00"
Concertgebouw,Grote Pianisten: Alexander Malofeev speelt Rachmaninoff en Grieg,Concert,"zo 10 mei 2026, 20:15 - 22:35",Grote Zaal,"Rachmaninoff Sonate nr. 2 in bes, op. 36 Lourié Cinq préludes fragiles, op. 1",https://www.concertgebouw.nl/concerten/7604262-grote-pianisten-alexander-malofeev-speelt-rachmaninoff-en-grieg,"v.a. EUR 19,00"
Concertgebouw,Mahler en Strauss met het Nederlands Philharmonisch,Luisteren,"ma 11 mei 2026, 20:15 - 22:35",Grote Zaal,"Mahler Adagio - Andante - Adagio R. Strauss Don Juan, op. 20",https://www.concertgebouw.nl/concerten/9336094-mahler-en-strauss-met-het-nederlands-philharmonisch,"v.a. EUR 35,00"
Concertgebouw,Busch Trio met Schubert en Ives,Concert,"ma 11 mei 2026, 20:15 - 22:20",Kleine Zaal,"Schubert Pianotrio in Es, D 929, op. 100 Ives Pianotrio, S 86",https://www.concertgebouw.nl/concerten/8503293-busch-trio-met-schubert-en-ives,"v.a. EUR 25,00"
Concertgebouw,Janine Jansen & Camerata Salzburg: Vivaldi's De vier jaargetijden,Concert,"di 12 mei 2026, 20:15 - 22:35",Grote Zaal,"Vivaldi De vier jaargetijden, op. 8 Rota Concerto per archi",https://www.concertgebouw.nl/concerten/7605199-janine-jansen-camerata-salzburg-vivaldis-de-vier-jaargetijden,"v.a. EUR 25,00 [Laatste kaarten]"
Concertgebouw,Vriendenrepetitie: Concertgebouworkest en cellist Sol Gabetta spelen Martinů,Concert,"wo 13 mei 2026, 09:30 - 13:00",Grote Zaal,"Ravel Daphnis et Chloé, suite nr. 2 Stravinsky Jeu de cartes, ballet en trois donnes",https://www.concertgebouw.nl/concerten/11158052-vriendenrepetitie-concertgebouworkest-en-cellist-sol-gabetta-spelen-martinu,"v.a. EUR 17,50"
Concertgebouw,Gratis Lunchconcert: World Harp Competition,Gratis Lunchconcert,"wo 13 mei 2026, 12:30 - 13:00",Kleine Zaal,,https://www.concertgebouw.nl/concerten/36977911-gratis-lunchconcert-world-harp-competition,Gratis
Concertgebouw,Concertgebouworkest en cellist Sol Gabetta spelen Martinů,Concert,"wo 13 mei 2026, 20:15 - 22:15",Grote Zaal,"Ravel Daphnis et Chloé, suite nr. 2 Stravinsky Jeu de cartes, ballet en trois donnes",https://www.concertgebouw.nl/concerten/11154814-concertgebouworkest-en-cellist-sol-gabetta-spelen-martinu,"v.a. EUR 20,00"
Concertgebouw,Busch Trio met Schubert en Ives,Concert,"wo 13 mei 2026, 20:15 - 22:20",Kleine Zaal,"Schubert Pianotrio in Es, D 929, op. 100 Ives Pianotrio, S 86",https://www.concertgebouw.nl/concerten/8503294-busch-trio-met-schubert-en-ives,"v.a. EUR 25,00"
Concertgebouw,"Aretha Franklin: Queen of Soul - Metropole Orkest & Sheléa, conducted by Jules Buckley",Concert,"do 14 mei 2026, 20:15 - 21:45",Grote Zaal,,https://www.concertgebouw.nl/concerten/16108614-aretha-franklin-queen-of-soul---metropole-orkest-shelea-conducted-by-jules-buckley,"v.a. EUR 35,00"
Concertgebouw,Concertgebouworkest en cellist Sol Gabetta spelen Martinů,Concert,"vr 15 mei 2026, 20:15 - 22:15",Grote Zaal,"Ravel Daphnis et Chloé, suite nr. 2 Stravinsky Jeu de cartes, ballet en trois donnes",https://www.concertgebouw.nl/concerten/11156974-concertgebouworkest-en-cellist-sol-gabetta-spelen-martinu,"v.a. EUR 20,00"
Concertgebouw,Greenwood x Strootman: solo gitaar en solo viool,Concert,"za 16 mei 2026, 14:15 - 16:20",Grote Zaal,Greenwood Horror vacui Reich Electric Counterpoint,https://www.concertgebouw.nl/concerten/8924598-greenwood-x-strootman-solo-gitaar-en-solo-viool,"v.a. EUR 45,00"
Concertgebouw,Falla en Rodrigo door Nederlands Kamerorkest,Luisteren,"za 16 mei 2026, 20:15 - 22:15",Grote Zaal,Boccherini La musica notturna delle strade di Madrid Falla El amor brujo,https://www.concertgebouw.nl/concerten/9336095-falla-en-rodrigo-door-nederlands-kamerorkest,"v.a. EUR 35,00"
Concertgebouw,Vivaldi’s De vier jaargetijden door Amsterdam Sinfonietta,Concert,"zo 17 mei 2026, 11:00 - 12:00",Grote Zaal,"Vivaldi De vier jaargetijden, op. 8 J.S. Bach Brandenburgs concert nr. 3 in G, BWV 1048",https://www.concertgebouw.nl/concerten/7557179-vivaldis-de-vier-jaargetijden-door-amsterdam-sinfonietta,"v.a. EUR 21,00"
Concertgebouw,Authentieke uitvoering van Mozarts Requiem,Luisteren,"zo 17 mei 2026, 14:15 - 16:15",Grote Zaal,"Mozart Requiem in d, KV 626 Mozart Allegro aperto",https://www.concertgebouw.nl/concerten/14281544-authentieke-uitvoering-van-mozarts-requiem,"v.a. EUR 37,50"
Concertgebouw,Anoushka Shankar presents «Chapters» with the London Contemporary Orchestra,Concert,"ma 18 mei 2026, 20:15 - 21:30",Grote Zaal,,https://www.concertgebouw.nl/concerten/43786493-anoushka-shankar-presents-with-the-london-contemporary-orchestra,"v.a. EUR 29,00"
Concertgebouw,Piano Nights: De mooiste pianomuziek met Wibi Soerjadi en Lestari Scholtes,Concert,"di 19 mei 2026, 20:15 - 21:45",Grote Zaal,,https://www.concertgebouw.nl/concerten/8110226-piano-nights-de-mooiste-pianomuziek-met-wibi-soerjadi-en-lestari-scholtes,"v.a. EUR 19,00"
Concertgebouw,Katharina Konradi & Catriona Morison: van Schumann tot Chausson,Concert,"di 19 mei 2026, 20:15 - 22:35",Kleine Zaal,"Fauré Tarentelle Bonis Le Ruisseau, op. 21",https://www.concertgebouw.nl/concerten/8505072-katharina-konradi-catriona-morison-van-schumann-tot-chausson,"v.a. EUR 35,00"
Concertgebouw,Gratis Lunchconcert: Academie Budapest Festival Orchestra,Gratis Lunchconcert,"wo 20 mei 2026, 12:30 - 13:00",Kleine Zaal,,https://www.concertgebouw.nl/concerten/36977912-gratis-lunchconcert-academie-budapest-festival-orchestra,Gratis
Concertgebouw,Iván Fischer dirigeert Wagner bij het Budapest Festival Orchestra,Festival,"wo 20 mei 2026, 20:15 - 22:35",Grote Zaal,"Wagner Derde akte, derde scène Schumann Symfonie nr. 3 in Es, op. 97 'Rheinische'",https://www.concertgebouw.nl/concerten/7605200-ivan-fischer-dirigeert-wagner-bij-het-budapest-festival-orchestra,"v.a. EUR 29,00"
Concertgebouw,Vivaldi's Vier jaargetijden,Concert,"do 21 mei 2026, 19:30 - 21:30",Grote Zaal,"Vivaldi aria's Vivaldi De vier jaargetijden, op. 8",https://www.concertgebouw.nl/concerten/14281545-vivaldis-vier-jaargetijden,"v.a. EUR 37,50"
Concertgebouw,Mozarts klassieker die u zeker kent: Eine kleine Nachtmusik,Luisteren,"vr 22 mei 2026, 19:30 - 21:30",Grote Zaal,"Mozart Requiem in d, KV 626 Mozart Allegro aperto",https://www.concertgebouw.nl/concerten/13173399-mozarts-klassieker-die-u-zeker-kent-eine-kleine-nachtmusik,"v.a. EUR 37,50"
Concertgebouw,Anna Fedorova & Friends: Carnival of Sounds!,Concert,"vr 22 mei 2026, 20:15 - 22:45",Kleine Zaal,Hagen Naturträne Fedorov Hymne a la joie de vivre,https://www.concertgebouw.nl/concerten/43353321-anna-fedorova-friends-carnival-of-sounds,"v.a. EUR 39,50"
Concertgebouw,Euregio Jeugdorkest presenteert: ASTRA NOVA,Concert,"za 23 mei 2026, 14:15 - 16:35",Grote Zaal,"Korngold Suite Rachmaninoff Caprice bohémien, op. 12",https://www.concertgebouw.nl/concerten/36485016-euregio-jeugdorkest-presenteert-astra-nova,"v.a. EUR 26,00"
Concertgebouw,Vivaldi's Vier jaargetijden,Concert,"za 23 mei 2026, 19:30 - 21:30",Grote Zaal,"Vivaldi aria's Vivaldi De vier jaargetijden, op. 8",https://www.concertgebouw.nl/concerten/14281546-vivaldis-vier-jaargetijden,"v.a. EUR 37,50"
Concertgebouw,Quatuor Danel & Quatuor Arod in het Octet van Enescu,Concert,"za 23 mei 2026, 20:15 - 22:35",Kleine Zaal,"Enescu Octet in C, op. 7 Brahms Strijksextet nr. 2 in G, op. 36",https://www.concertgebouw.nl/concerten/8505073-quatuor-danel-quatuor-arod-in-het-octet-van-enescu,"v.a. EUR 29,00"
Concertgebouw,Dromen van Shakespeare: Mendelssohns A Midsummer Night’s Dream,Concert,"zo 24 mei 2026, 11:00 - 12:00",Grote Zaal,,https://www.concertgebouw.nl/concerten/7557180-dromen-van-shakespeare-mendelssohns-a-midsummer-nights-dream,"v.a. EUR 21,00"
Concertgebouw,Emmylou Harris - European Farewell Tour,Concert,"zo 24 mei 2026, 19:30 - 22:00",Grote Zaal,,https://www.concertgebouw.nl/concerten/38042352-emmylou-harris---european-farewell-tour,"v.a. EUR 59,00 [UITVERKOCHT]"
Concertgebouw,Antwerp Philharmonic Orchestra speelt The Focus Symphony,Concert,"ma 25 mei 2026, 19:00 - 21:20",Grote Zaal,,https://www.concertgebouw.nl/concerten/32631996-antwerp-philharmonic-orchestra-speelt-the-focus-symphony,"v.a. EUR 52,50"
Concertgebouw,Zing-Cirkel Concertgebouw,Concert,"di 26 mei 2026, 10:00 - 12:00",,,https://www.concertgebouw.nl/concerten/14577652-zing-cirkel-concertgebouw,"v.a. EUR 20,00"
Concertgebouw,Zing-Cirkel Concertgebouw,Concert,"di 26 mei 2026, 13:00 - 15:00",,,https://www.concertgebouw.nl/concerten/14577653-zing-cirkel-concertgebouw,"v.a. EUR 20,00"
Concertgebouw,Aanstormend talent Antoine Préat debuteert in Het Concertgebouw,Concert,"di 26 mei 2026, 20:15 - 22:35",Kleine Zaal,"Prokofjev Delen uit 'Romeo en Julia', op.  75 Schumann Arabeske in C, op. 18",https://www.concertgebouw.nl/concerten/19026833-aanstormend-talent-antoine-preat-debuteert-in-het-concertgebouw,"v.a. EUR 25,50"
Concertgebouw,Gratis Lunchconcert: Orgelconcert Laurens de Man,Gratis Lunchconcert,"wo 27 mei 2026, 12:30 - 13:00",Grote Zaal,,https://www.concertgebouw.nl/concerten/36977913-gratis-lunchconcert-orgelconcert-laurens-de-man,Gratis
Concertgebouw,Maxim Emelyanychev: Beethovens Symfonie nr. 7 en Mozart,Luisteren,"wo 27 mei 2026, 20:15 - 22:15",Grote Zaal,"Beethoven Symfonie nr. 7 in A, op. 92 Mozart Pianoconcert nr. 25 in C, KV 503",https://www.concertgebouw.nl/concerten/7803913-maxim-emelyanychev-beethovens-symfonie-nr.-7-en-mozart,"v.a. EUR 35,00"
Concertgebouw,Rising Stars: Trio Concept,Concert,"wo 27 mei 2026, 20:15 - 21:45",Kleine Zaal,"Ravel Pianotrio in a Thomas Save Pepe (In opdracht van Festspielhaus Baden-Baden, Palau de la Música Catalana, ECHO)",https://www.concertgebouw.nl/concerten/8505074-rising-stars-trio-concept,"v.a. EUR 19,00"
Concertgebouw,The Story: Stravinsky in Parijs met Francis van Broekhuizen,Concert,"do 28 mei 2026, 20:15 - 22:35",Grote Zaal,,https://www.concertgebouw.nl/concerten/8110227-the-story-stravinsky-in-parijs-met-francis-van-broekhuizen,"v.a. EUR 25,00"
Concertgebouw,Danish String Quartet speelt Ravel en Stravinsky,Luisteren,"vr 29 mei 2026, 20:15 - 22:05",Kleine Zaal,Ravel Strijkkwartet in F Stravinsky Suite Italienne (arr. Danish String Quartet ),https://www.concertgebouw.nl/concerten/8110492-danish-string-quartet-speelt-ravel-en-stravinsky,"v.a. EUR 35,00"
Concertgebouw,Lahav Shani en Mahler 4,Concert,"za 30 mei 2026, 14:15 - 16:15",Grote Zaal,Mahler Symfonie nr. 4 in G Zedginidze nieuw werk (mede mogelijk gemaakt door de Vrienden van de Matinee),https://www.concertgebouw.nl/concerten/8924599-lahav-shani-en-mahler-4,"v.a. EUR 45,00"
Concertgebouw,Lorenzo Viotti dirigeert Rachmaninoffs Symfonische dansen,Luisteren,"za 30 mei 2026, 20:15 - 22:35",Grote Zaal,"Rachmaninoff Symfonische dansen, op. 45 Sjostakovitsj Vioolconcert nr. 2, op. 129",https://www.concertgebouw.nl/concerten/9336096-lorenzo-viotti-dirigeert-rachmaninoffs-symfonische-dansen,"v.a. EUR 35,00"
Concertgebouw,Danish String Quartet speelt Ravel en Stravinsky,Luisteren,"za 30 mei 2026, 20:15 - 22:05",Kleine Zaal,Ravel Strijkkwartet in F Stravinsky Suite Italienne (arr. Danish String Quartet ),https://www.concertgebouw.nl/concerten/8110493-danish-string-quartet-speelt-ravel-en-stravinsky,"v.a. EUR 35,00"
Concertgebouw,Spaanse vioolochtend met Leticia Moreno,Concert,"zo 31 mei 2026, 11:00 - 12:00",Grote Zaal,"Falla Suite 'El amor brujo' Sarasate Carmen-fantasie, op. 25",https://www.concertgebouw.nl/concerten/7557181-spaanse-vioolochtend-met-leticia-moreno,"v.a. EUR 21,00"
Concertgebouw,Lorenzo Viotti dirigeert Rachmaninoffs Symfonische dansen,Luisteren,"zo 31 mei 2026, 14:15 - 16:35",Grote Zaal,"Rachmaninoff Symfonische dansen, op. 45 Sjostakovitsj Vioolconcert nr. 2, op. 129",https://www.concertgebouw.nl/concerten/9336097-lorenzo-viotti-dirigeert-rachmaninoffs-symfonische-dansen,"v.a. EUR 35,00"
Concertgebouw,Sopraan Kristen Witmer zingt wonderschone Bach en Montéclair,Concert,"zo 31 mei 2026, 20:15 - 22:35",Kleine Zaal,"M.P. Montéclair Cantate 'La mort de Didon' J.M. Leclair Première récréation de musique in D, op. 6",https://www.concertgebouw.nl/concerten/9127710-sopraan-kristen-witmer-zingt-wonderschone-bach-en-monteclair,"v.a. EUR 35,00"
Concertgebouw,Beach Boys’ Best,Concert,"ma 1 jun 2026, 20:15 - 22:35",Grote Zaal,,https://www.concertgebouw.nl/concerten/31582165-beach-boys-best,"v.a. EUR 59,00"
Concertgebouw,"Chanson: groots eerbetoon aan Jacques Brel, Charles Aznavour & Édith Piaf",Concert,"di 2 jun 2026, 20:15 - 22:35",Grote Zaal,,https://www.concertgebouw.nl/concerten/24275272-chanson-groots-eerbetoon-aan-jacques-brel-charles-aznavour-edith-piaf,"v.a. EUR 69,00 [Laatste kaarten]"
Concertgebouw,Stéphane Degout & Simon Lepper: Franse meesters,Concert,"di 2 jun 2026, 20:15 - 22:35",Kleine Zaal,,https://www.concertgebouw.nl/concerten/8505075-stephane-degout-simon-lepper-franse-meesters,"v.a. EUR 35,00"
Concertgebouw,Gratis Lunchconcert: Dutch International Flute Competition,Gratis Lunchconcert,"wo 3 jun 2026, 12:30 - 13:00",Kleine Zaal,,https://www.concertgebouw.nl/concerten/36977914-gratis-lunchconcert-dutch-international-flute-competition,Gratis
Concertgebouw,"Chanson: groots eerbetoon aan Jacques Brel, Charles Aznavour & Édith Piaf",Concert,"wo 3 jun 2026, 20:15 - 22:35",Grote Zaal,,https://www.concertgebouw.nl/concerten/24275273-chanson-groots-eerbetoon-aan-jacques-brel-charles-aznavour-edith-piaf,"v.a. EUR 69,00 [Laatste kaarten]"
Concertgebouw,Muzikale vriendschappen,Concert,"vr 5 jun 2026, 20:15 - 22:15",Grote Zaal,"Richter The Four Seasons of Vivaldi recomposed Elgar Enigma-variaties, op. 36 (arr. G. Morton)",https://www.concertgebouw.nl/concerten/43786494-muzikale-vriendschappen,"v.a. EUR 39,00"
Concertgebouw,Classical Highlights: Strijkkwartetklassiekers door het Karski Quartet,Concert,"vr 5 jun 2026, 20:30 - 22:50",Kleine Zaal,Debussy Animé et très décidé Ravel Assez vif - Très rythmé,https://www.concertgebouw.nl/concerten/8507469-classical-highlights-strijkkwartetklassiekers-door-het-karski-quartet,"v.a. EUR 17,00"
Concertgebouw,Akhnaten van Philip Glass,Concert,"za 6 jun 2026, 12:30 - 16:25",Grote Zaal,,https://www.concertgebouw.nl/concerten/8925673-akhnaten-van-philip-glass,"v.a. EUR 71,00 [UITVERKOCHT]"
Concertgebouw,Griegs Pianoconcert door Saleem Ashkar en Philzuid,Luisteren,"za 6 jun 2026, 20:15 - 22:35",Grote Zaal,"Sibelius Symfonie nr. 2 in D, op. 43 Grieg Pianoconcert in a, op. 16",https://www.concertgebouw.nl/concerten/8110228-griegs-pianoconcert-door-saleem-ashkar-en-philzuid,"v.a. EUR 19,00"
Concertgebouw,Meesters op de Gitaar: Ana Vidovic,Concert,"za 6 jun 2026, 20:15 - 22:35",Kleine Zaal,,https://www.concertgebouw.nl/concerten/8508215-meesters-op-de-gitaar-ana-vidovic,"v.a. EUR 29,00 [UITVERKOCHT]"
Concertgebouw,Grote Pianisten: Grigory Sokolov,Concert,"zo 7 jun 2026, 20:15 - 22:30",Grote Zaal,"Schubert Sonate in Bes, D 960 Beethoven Sechs Bagatellen, op. 126",https://www.concertgebouw.nl/concerten/7604263-grote-pianisten-grigory-sokolov,"v.a. EUR 29,00"
Concertgebouw,Popup Choir Queen: zing mee met Maarten Bos en Tijmen de Koning,Concert,"ma 8 jun 2026, 20:15 - 22:35",Grote Zaal,,https://www.concertgebouw.nl/concerten/14508113-popup-choir-queen-zing-mee-met-maarten-bos-en-tijmen-de-koning,"v.a. EUR 25,00"
Concertgebouw,Close-up Concertgebouworkest: USA 250,Concert,"di 9 jun 2026, 20:15 - 22:35",Kleine Zaal,Gershwin An American in Paris (arr. W. van Klaveren) Copland Sextet,https://www.concertgebouw.nl/concerten/8506298-close-up-concertgebouworkest-usa-250,"v.a. EUR 38,00"
Concertgebouw,Roxeanne Hazes & ZO! Gospel Choir,Concert,"wo 10 jun 2026, 20:15 - 21:45",Grote Zaal,,https://www.concertgebouw.nl/concerten/37544406-roxeanne-hazes-zo-gospel-choir,"v.a. EUR 29,00 [UITVERKOCHT]"
Concertgebouw,Julian Rachlin & Friends: Bachs Goldberg-variaties,Concert,"wo 10 jun 2026, 20:15 - 22:35",Kleine Zaal,,https://www.concertgebouw.nl/concerten/8508216-julian-rachlin-friends-bachs-goldberg-variaties,"v.a. EUR 29,00"
Concertgebouw,Gratis Lunchconcert: Openbare repetitie Concertgebouworkest,Gratis Lunchconcert,"do 11 jun 2026, 12:30 - 13:00",Grote Zaal,"Beethoven Symfonie nr. 8 in F, op. 93 Barber Vioolconcert, op. 14",https://www.concertgebouw.nl/concerten/36977915-gratis-lunchconcert-openbare-repetitie-concertgebouworkest,Gratis
Concertgebouw,Fabio Luisi dirigeert Beethoven bij het Concertgebouworkest,Luisteren,"do 11 jun 2026, 20:15 - 22:00",Grote Zaal,"Beethoven Symfonie nr. 8 in F, op. 93 Barber Vioolconcert, op. 14",https://www.concertgebouw.nl/concerten/11156975-fabio-luisi-dirigeert-beethoven-bij-het-concertgebouworkest,"v.a. EUR 20,00"
Concertgebouw,Fabio Luisi dirigeert Beethoven bij het Concertgebouworkest,Luisteren,"vr 12 jun 2026, 20:15 - 22:00",Grote Zaal,"Beethoven Symfonie nr. 8 in F, op. 93 Barber Vioolconcert, op. 14",https://www.concertgebouw.nl/concerten/11158053-fabio-luisi-dirigeert-beethoven-bij-het-concertgebouworkest,"v.a. EUR 20,00"
Concertgebouw,Pianorecital Nicolas van Poucke,Concert,"vr 12 jun 2026, 20:15 - 22:35",Kleine Zaal,,https://www.concertgebouw.nl/concerten/38255289-pianorecital-nicolas-van-poucke,"v.a. EUR 18,50"
Concertgebouw,Muzikale werelden - Daniel Wohl & London Contemporary Orchestra,Concert,"za 13 jun 2026, 14:15 - 15:40",Grote Zaal,Aftab Songs from Night Reign and Vulture Prince Wohl nieuw werk (mede mogelijk gemaakt door de Vrienden van de Matinee),https://www.concertgebouw.nl/concerten/9127711-muzikale-werelden---daniel-wohl-london-contemporary-orchestra,"v.a. EUR 41,00"
Concertgebouw,Beethovens Pianoconcert nr. 3 met Nikola Meeuwsen,Luisteren,"za 13 jun 2026, 20:15 - 22:15",Grote Zaal,"Dvořák Symfonie nr. 8 in G, op. 88 Beethoven Pianoconcert nr. 3 in c, op. 37",https://www.concertgebouw.nl/concerten/9336098-beethovens-pianoconcert-nr.-3-met-nikola-meeuwsen,"v.a. EUR 35,00"
Concertgebouw,Stabat mater en Nisi Dominus: Alexander Chance en Emöke Baráth,Luisteren,"zo 14 jun 2026, 15:00 - 17:00",Grote Zaal,"Vivaldi Sinfonia in b, RV 169 'al Santo Sepolcro' Vivaldi Nulla in mundo pax sincera, RV 630",https://www.concertgebouw.nl/concerten/8926176-stabat-mater-en-nisi-dominus-alexander-chance-en-emoke-barath,"v.a. EUR 46,50"
Concertgebouw,Beethovens Pianoconcert nr. 3 met Nikola Meeuwsen,Luisteren,"zo 14 jun 2026, 20:15 - 22:15",Grote Zaal,"Dvořák Symfonie nr. 8 in G, op. 88 Beethoven Pianoconcert nr. 3 in c, op. 37",https://www.concertgebouw.nl/concerten/9336099-beethovens-pianoconcert-nr.-3-met-nikola-meeuwsen,"v.a. EUR 35,00"
Concertgebouw,Nærmynd: Iceland Symphony Orchestra x Hildur Guðnadóttir,Concert,"ma 15 jun 2026, 20:15 - 22:35",Grote Zaal,,https://www.concertgebouw.nl/concerten/38676472-naermynd-iceland-symphony-orchestra-x-hildur-gudnadottir,TBA
Concertgebouw,Mind the Gap! Nieuwe Blik Terug: Julius Eastman,Concert,"ma 15 jun 2026, 20:15 - 21:45",Kleine Zaal,,https://www.concertgebouw.nl/concerten/8507562-mind-the-gap-nieuwe-blik-terug-julius-eastman,"v.a. EUR 25,00"
Concertgebouw,Mind the Gap! Chineke! Orchestra speelt Coleridge-Taylor en Price,Concert,"di 16 jun 2026, 20:15 - 22:35",Grote Zaal,"Price Symfonie nr. 1 in e Coleridge-Taylor Vioolconcert in g, op. 80",https://www.concertgebouw.nl/concerten/8506299-mind-the-gap-chineke-orchestra-speelt-coleridge-taylor-en-price,"v.a. EUR 25,00"
Concertgebouw,Gratis Lunchconcert: Mind the Gap - Presentatie masterclass Rebeca Omordia,Gratis Lunchconcert,"wo 17 jun 2026, 12:30 - 13:15",Kleine Zaal,,https://www.concertgebouw.nl/concerten/36977916-gratis-lunchconcert-mind-the-gap---presentatie-masterclass-rebeca-omordia,Gratis
Concertgebouw,Mind the Gap! met Rebeca Omordia in African Pianism,Concert,"wo 17 jun 2026, 20:15 - 22:35",Kleine Zaal,Onovwerosuoke Raging River dance nr. 2 Onovwerosuoke Sanza,https://www.concertgebouw.nl/concerten/8509523-mind-the-gap-met-rebeca-omordia-in-african-pianism,"v.a. EUR 25,00"
Concertgebouw,Concertgebouworkest speelt Marsalis’ Trompetconcert,Concert,"do 18 jun 2026, 20:15 - 22:25",Grote Zaal,Dawson Negro Folk Symphony Kern Ol' Man River (bew. T.A. Beijer),https://www.concertgebouw.nl/concerten/11158054-concertgebouworkest-speelt-marsalis-trompetconcert,"v.a. EUR 20,00"
Concertgebouw,"Mind the Gap! Concertgebouworkest speelt Nabors, Marsalis, Dawson en traditionals",Concert,"vr 19 jun 2026, 20:15 - 22:25",Grote Zaal,Dawson Negro Folk Symphony Kern Ol' Man River (bew. T.A. Beijer),https://www.concertgebouw.nl/concerten/8509153-mind-the-gap-concertgebouworkest-speelt-nabors-marsalis-dawson-en-traditionals,"v.a. EUR 39,00"
Concertgebouw,Henzes actuele stem van verzet,Concert,"za 20 jun 2026, 14:15 - 16:25",Grote Zaal,Fadael nieuw werk (mede mogelijk gemaakt door de Vrienden van de Matinee) Joachim nieuw werk,https://www.concertgebouw.nl/concerten/9127712-henzes-actuele-stem-van-verzet,"v.a. EUR 45,00"
Concertgebouw,Filharmonie Der Aa speelt Mahlers Symfonie nr. 2,Concert,"za 20 jun 2026, 20:15 - 22:35",Grote Zaal,,https://www.concertgebouw.nl/concerten/39096241-filharmonie-der-aa-speelt-mahlers-symfonie-nr.-2,"v.a. EUR 30,00"
Concertgebouw,"Irina Lankova speelt Rachmaninoff, Skrjabin, Mozart en Chopin",Concert,"za 20 jun 2026, 20:15 - 21:30",Kleine Zaal,"Stravinsky De vuurvogel (arr. G. Agosti) Mozart Fantasie in d, KV 397",https://www.concertgebouw.nl/concerten/11279519-irina-lankova-speelt-rachmaninoff-skrjabin-mozart-en-chopin,"v.a. EUR 35,00"
Concertgebouw,Finale Koninklijk Concertgebouw Concours 2026,Concert,"zo 21 jun 2026, 14:00 - 17:00",Kleine Zaal,,https://www.concertgebouw.nl/concerten/13751409-finale-koninklijk-concertgebouw-concours-2026,"v.a. EUR 15,00"
Concertgebouw,Because met Reginald Mobley & Baptiste Trotignon,Concert,"zo 21 jun 2026, 20:15 - 22:35",Kleine Zaal,anoniem Bright Sparkles in the Churchyard (arr. B. Trotignon) anoniem Sometimes I Feel Like a Motherless Child (arr. B. Trotignon),https://www.concertgebouw.nl/concerten/9743107-because-met-reginald-mobley-baptiste-trotignon,"v.a. EUR 25,00"
Concertgebouw,Ammodo Masterclass dirigeren met Iván Fischer,Concert,"di 23 jun 2026, 10:00 - 12:30",Grote Zaal,,https://www.concertgebouw.nl/concerten/11158055-ammodo-masterclass-dirigeren-met-ivan-fischer,"v.a. EUR 28,00"
Concertgebouw,Ammodo Masterclass dirigeren met Iván Fischer,Concert,"wo 24 jun 2026, 10:00 - 12:30",Grote Zaal,,https://www.concertgebouw.nl/concerten/11158056-ammodo-masterclass-dirigeren-met-ivan-fischer,"v.a. EUR 28,00"
Concertgebouw,Gratis Lunchconcert: Academie Nederlands Philharmonisch en Nederlands Kamerorkest,Gratis Lunchconcert,"wo 24 jun 2026, 12:30 - 13:00",Kleine Zaal,,https://www.concertgebouw.nl/concerten/36977917-gratis-lunchconcert-academie-nederlands-philharmonisch-en-nederlands-kamerorkest,Gratis
Concertgebouw,Ammodo Masterclass dirigeren met Iván Fischer,Concert,"do 25 jun 2026, 10:00 - 12:30",Grote Zaal,,https://www.concertgebouw.nl/concerten/11158057-ammodo-masterclass-dirigeren-met-ivan-fischer,"v.a. EUR 28,00"
Concertgebouw,Roxeanne Hazes & ZO! Gospel Choir,Concert,"za 11 jul 2026, 20:00 - 21:30",Grote Zaal,,https://www.concertgebouw.nl/concerten/41989099-roxeanne-hazes-zo-gospel-choir,"v.a. EUR 29,00 [Laatste kaarten]"
Concertgebouw,Ólafur Arnalds - Falling Apart Together,Concert,"wo 14 okt 2026, 20:15 - 21:45",Grote Zaal,,https://www.concertgebouw.nl/concerten/43425436-olafur-arnalds---falling-apart-together,"v.a. EUR 39,00 [Laatste kaarten]"
Concertgebouw,Ólafur Arnalds - Falling Apart Together,Concert,"do 15 okt 2026, 20:15 - 21:45",Grote Zaal,,https://www.concertgebouw.nl/concerten/43425437-olafur-arnalds---falling-apart-together,"v.a. EUR 39,00 [Laatste kaarten]"
Concertgebouw,Fresku & Metropole Orkest o.l.v. Simon Dobson,Concert,"di 27 okt 2026, 20:15 - 21:45",Grote Zaal,,https://www.concertgebouw.nl/concerten/43931216-fresku-metropole-orkest-o.l.v.-simon-dobson,"v.a. EUR 29,00"
Concertgebouw,Branford Marsalis & Dianne Reeves Celebrate John Coltrane,Concert,"wo 4 nov 2026, 20:15 - 21:45",Grote Zaal,,https://www.concertgebouw.nl/concerten/43931219-branford-marsalis-dianne-reeves-celebrate-john-coltrane,"v.a. EUR 49,00"
Concertgebouw,Ben Folds,Concert,"zo 29 nov 2026, 21:00 - 22:45",Grote Zaal,,https://www.concertgebouw.nl/concerten/38886334-ben-folds,"v.a. EUR 39,00"
Concertgebouw,Silje Nergaard,Concert,"do 3 dec 2026, 20:15 - 21:45",Kleine Zaal,,https://www.concertgebouw.nl/concerten/41414670-silje-nergaard,"v.a. EUR 25,00"
Concertgebouw,Spraakmakers: Georgina Verbaan & Jan Decleir over angst en erfelijk koningschap,Luisteren,"do 13 mei 2027, 20:15 - 22:35",Kleine Zaal,"Roukens Strijkkwartet nr. 4 'What Remains' Beethoven Sonate nr. 26 in Es, op. 81a 'Les adieux'",https://www.concertgebouw.nl/concerten/8507459-spraakmakers-georgina-verbaan-jan-decleir-over-angst-en-erfelijk-koningschap,"v.a. EUR 29,00"
